# ************************************************************
# Sequel Pro SQL dump
# Version 4541
#
# http://www.sequelpro.com/
# https://github.com/sequelpro/sequelpro
#
# Host: ist-webprod01.main.ad.rit.edu (MySQL 5.5.64-MariaDB)
# Database: csm
# Generation Time: 2020-03-07 16:40:43 +0000
# ************************************************************


/*!40101 SET @OLD_CHARACTER_SET_CLIENT=@@CHARACTER_SET_CLIENT */;
/*!40101 SET @OLD_CHARACTER_SET_RESULTS=@@CHARACTER_SET_RESULTS */;
/*!40101 SET @OLD_COLLATION_CONNECTION=@@COLLATION_CONNECTION */;
/*!40101 SET NAMES utf8 */;
/*!40014 SET @OLD_FOREIGN_KEY_CHECKS=@@FOREIGN_KEY_CHECKS, FOREIGN_KEY_CHECKS=0 */;
/*!40101 SET @OLD_SQL_MODE=@@SQL_MODE, SQL_MODE='NO_AUTO_VALUE_ON_ZERO' */;
/*!40111 SET @OLD_SQL_NOTES=@@SQL_NOTES, SQL_NOTES=0 */;

DROP DATABASE IF EXISTS CSM;
CREATE DATABASE CSM;
USE CSM;

# Dump of table _Affiliations
# ------------------------------------------------------------

DROP TABLE IF EXISTS _Affiliations;

CREATE TABLE _Affiliations (
  affiliationID int(11) NOT NULL,
  affiliationName varchar(50) DEFAULT NULL,
  PRIMARY KEY (affiliationID)
) ENGINE=InnoDB DEFAULT CHARSET=utf8;

LOCK TABLES _Affiliations WRITE;
/*!40000 ALTER TABLE _Affiliations DISABLE KEYS */;

INSERT INTO _Affiliations (affiliationID, affiliationName)
VALUES
	(0,'Unknown'),
	(1,'Adelphi University'),
	(2,'Athens State University'),
	(3,'Austin Peay State University'),
	(4,'Australian National University (ANU)'),
	(5,'Bahria University Karachi '),
	(6,'Bakersfield College'),
	(7,'Ball State University'),
	(8,'Benazir Bhutto Shaheed University'),
	(9,'Bradley University'),
	(10,'Brigham Young University'),
	(11,'Broward College'),
	(12,'Business School Netherlands'),
	(13,'California Polytechnic State University'),
	(14,'Capella University'),
	(15,'Carleton University'),
	(16,'Central Michigan University'),
	(17,'Clark State Community College'),
	(18,'Clayton State University'),
	(19,'Central Washington University'),
	(20,'DePaul University'),
	(21,'East Carolina University'),
	(22,'Edge Hill University'),
	(23,'El Bosque University'),
	(24,'Emerson/MIT'),
	(25,'ETH Zurich'),
	(26,'Faculty of Computer Science and Engineering'),
	(27,'Falmouth University'),
	(28,'Ferris State University'),
	(29,'Free University of Bolzano'),
	(30,'Gallaudet University'),
	(31,'George Mason University'),
	(32,'Georgia Gwinnett College'),
	(33,'Griffith University'),
	(34,'Georgia State University'),
	(35,'Grand Valley State University'),
	(36,'IBA Karachi Pakistan'),
	(37,'IBM'),
	(38,'IIT Bombay'),
	(39,'Illinois Institute of Technology'),
	(40,'Illinois Institute of Technology Chicago'),
	(41,'Indiana University'),
	(42,'Kanazawa Technical College'),
	(43,'Kaplan University'),
	(44,'Kennesaw State University'),
	(45,'Khalifa University'),
	(46,'King Abdulaziz University '),
	(47,'King Saud University '),
	(48,'La Salle University'),
	(49,'Laval University'),
	(50,'Le Moyne College'),
	(51,'Lund University'),
	(52,'Mercyhurst University'),
	(53,'Metropolitan State Univ.'),
	(54,'Miami University'),
	(55,'Michigan Technological University'),
	(56,'Modern College '),
	(57,'Montclair State University'),
	(58,'Mount Royal University'),
	(59,'Mount Saint Mary College'),
	(60,'Muhlenberg College'),
	(61,'Murray State University'),
	(62,'North Carolina A & T'),
	(63,'Northcentral University'),
	(64,'Nelson Mandela Metropolitan University'),
	(65,'Northern Michigan University'),
	(66,'Northeastern University'),
	(67,'National University of Defense Technology'),
	(68,'Old Dominion University'),
	(69,'Pennsylvania College of Technology'),
	(70,'Pace University'),
	(71,'Penn College of Technology'),
	(72,'Penn State Harrisburg'),
	(73,'Polytechnic of Sibenik'),
	(74,'Purdue School of Engineering and Technology'),
	(75,'Purdue University'),
	(76,'Regis University'),
	(77,'Rochester Institute of Technology'),
	(78,'Saga University'),
	(79,'Saint Anselm College'),
	(80,'Salem State University'),
	(81,'San Jose State University'),
	(82,'Sofia University Bulgaria'),
	(83,'South Texas College'),
	(84,'Southern Illinois University'),
	(85,'Southern Illinois University - Carbondale'),
	(86,'St Cloud State University'),
	(87,'St. John\'s University'),
	(88,'St. Scholastica'),
	(89,'St. Thomas University'),
	(90,'SUNY Cobleskill '),
	(91,'SUNY Empire State College'),
	(92,'Syracuse University'),
	(93,'Tech Mahindra'),
	(94,'Temasek Polytechnic'),
	(95,'Temple University'),
	(96,'Thammasat University'),
	(97,'Thomas More College'),
	(98,'Towson University'),
	(99,'Trine University'),
	(100,'Technische Universitat Darmstadt'),
	(101,'University of Arkansas'),
	(102,'University of South Alabama'),
	(103,'University of Alabama - Birmingham'),
	(104,'United Arab Emirates University'),
	(105,'University of Arkansas - Little Rock'),
	(106,'University of California - Berkeley'),
	(107,'University of Central Florida'),
	(108,'UIST Ohrid Macedonia'),
	(109,'University of Massachusetss - Amherst'),
	(110,'University of Maryland - Baltimore County'),
	(111,'University of North Carolina - Wilmington'),
	(112,'University of North Carolina - Pembroke'),
	(113,'University of New Hampshire'),
	(114,'Unirio'),
	(115,'United States Military Academy'),
	(117,'University of Tennessee - Chattanooga'),
	(118,'Universidade do Vale do Itajai'),
	(119,'Universidad Central Del Ecuador'),
	(120,'Universidad El Bosque'),
	(121,'Universiti Putra Malaysia'),
	(122,'University of Aizu'),
	(123,'University of Baltimore'),
	(124,'University of Calgary'),
	(126,'University of Cincinnati'),
	(127,'University of Hawaii - Maui'),
	(128,'University of Helsinki'),
	(129,'University of Minho'),
	(130,'University of South Florida'),
	(131,'University of Sharjah'),
	(132,'University of the East'),
	(133,'University of Washington Tacoma'),
	(134,'University of Wisconsin - EauClaire'),
	(135,'University of Wisconsin - Green Bay'),
	(136,'University of Ontario Institute of Technology'),
	(137,'University of South Carolina'),
	(138,'University of the Philippines Diliman'),
	(139,'University of South Carolina - Beaufort'),
	(140,'University of Wisconsin - Madison'),
	(141,'Virginia Tech'),
	(142,'Wentworth Institute of Technology'),
	(143,'Western Carolina University'),
	(144,'Western Governors  University'),
	(145,'Western New England University'),
	(146,'Westminster College'),
	(147,'Whitireia New Zealand'),
	(148,'Winston-Salem State University'),
	(152,'Polytechnic Institute of Castelo Branco'),
	(153,'American University of Kuwait'),
	(154,'The College of St. Scholastica'),
	(157,'University of Mauritius'),
	(159,'Indian Institute of Technology Kanpur'),
	(160,'IIT Kanpur'),
	(161,'PBSC - Palm Beach State College'),
	(163,'Instituto Superior Técnico'),
	(167,'Universidade Aberta'),
	(168,'Monterrey Institute of Technology and Higher Educa'),
	(169,'Dalian University of Technology'),
	(170,'Shanghai Jiao Tong University'),
	(171,'Mahatma Gandhi University'),
	(172,'Indiana University-Purdue University Indianapolis'),
	(173,'University of Moratuwa '),
	(174,'University of Technology Sydney'),
	(175,'Donnelly College'),
	(176,'Anahuac Mexico University'),
	(177,'Heidelberg University'),
	(178,'Florida International University'),
	(179,'University of Catania'),
	(180,'City University of Seattle'),
	(181,'Kobe University'),
	(182,'University of Liverpool'),
	(183,'Nova Southeastern University '),
	(184,'Weber State University'),
	(185,'Azusa Pacific University'),
	(187,'Brigham Young University-Hawaii'),
	(188,'Blackhawk Technical College'),
	(189,'Miami Dade College'),
	(190,'Drexel University'),
	(191,'Aberystwyth University'),
	(192,'Florida State University'),
	(193,'Lawton Chiles High School'),
	(196,'Technological Institute of the Philippines'),
	(197,'New Jersey Institute of Technology'),
	(198,'University of Cambridge'),
	(199,'Colorado Technical University'),
	(201,'University of Science and Technology'),
	(202,'Berea College'),
	(203,'University of Washington Bothell'),
	(204,'University of North Carolina at Greensboro'),
	(205,'Peking University'),
	(206,'HCA Healthcare'),
	(207,'SPPU INDIA'),
	(208,'University of North Georgia'),
	(209,'Tribhuvan University '),
	(210,'Tribhuvan University '),
	(211,'NTU KPI'),
	(212,'Olympic College'),
	(213,'CAVITE STATE UNIVERSITY-CCAT CAMPUS'),
	(214,'Washington and Lee University'),
	(215,'UNIVERSITY OF THE EAST'),
	(216,'Fairmont State University'),
	(217,'Kanagawa University'),
	(218,'Tokyo University of Agriculture and Technology'),
	(219,'University of Haifha'),
	(220,'Georgia Gwinnett College'),
	(221,'None'),
	(222,'Pennsylvania State University'),
	(223,'Stockton University '),
	(224,'Oklahoma State University'),
	(225,'Lake Washington Institute of Technology'),
	(226,'ZHAW'),
	(227,'Universidad Industrial de Santander'),
	(228,'NATIONAL UNIVERSITY-MANILA'),
	(229,'University of Toronto'),
	(230,'University of Toronto Mississauga'),
	(231,'Mercer University'),
	(232,'Thomas College'),
	(233,'Cardiff University'),
	(234,'King\'s College'),
	(235,'Google, LLC'),
	(236,'Google, LLC'),
	(237,'Google'),
	(238,'Google '),
	(239,'University of Illinois at Urbana Champaign'),
	(240,'University of Illinois at Urbana Champaign'),
	(241,'San Diego Supercomputer Center'),
	(242,'Auckland University of Technology'),
	(243,'Hillsborough Community College, Tampa Florida USA'),
	(244,'University of Science and Technology, Omdurman, Su'),
	(245,'Kyushu University'),
	(246,'Air Force Institute of Technology'),
	(247,'University of Georgia'),
	(248,'Zhejiang Universit'),
	(249,'MAPUA UNIVERSITY'),
	(250,'EARIST'),
	(251,'Pamantasan ng Cabuyao'),
	(252,'Cosumnes River College'),
	(253,'Portland Community College'),
	(255,'AIIT'),
	(256,'Green River College'),
	(257,'University of Florida'),
	(258,'University of Florida'),
	(259,'University of Nebraska Omaha'),
	(260,'BMCC, CUNY'),
	(261,'University of Washington'),
	(262,'Rubica Inc.'),
	(263,'Lord Fairfax Community College'),
	(264,'University of Kansas'),
	(265,'Bournemouth University'),
	(266,'fjpburke@aol.com'),
	(267,'fjpburke@aol.com'),
	(268,'Middlesex County College'),
	(269,'University of Wisconsin- Parkside '),
	(270,'Utah Valley University'),
	(271,'Western Washington University'),
	(272,'Kentucky State University'),
	(273,'Carnegie Mellon University'),
	(274,'University of North Carolina at Charlotte');

/*!40000 ALTER TABLE _Affiliations ENABLE KEYS */;
UNLOCK TABLES;


# Dump of table _Configuration
# ------------------------------------------------------------

DROP TABLE IF EXISTS _Configuration;

CREATE TABLE _Configuration (
  SubmissionOpen datetime DEFAULT NULL,
  SubmissionClose datetime DEFAULT NULL,
  PCEmail varchar(45) DEFAULT NULL,
  PC2Email varchar(45) DEFAULT NULL,
  PCName varchar(100) DEFAULT NULL,
  PC2Name varchar(100) DEFAULT NULL,
  ShortName varchar(20) DEFAULT NULL,
  LogoFile varchar(45) DEFAULT NULL
) ENGINE=InnoDB DEFAULT CHARSET=utf8;

LOCK TABLES _Configuration WRITE;
/*!40000 ALTER TABLE _Configuration DISABLE KEYS */;

INSERT INTO _Configuration (SubmissionOpen, SubmissionClose, PCEmail, PC2Email, PCName, PC2Name, ShortName, LogoFile)
VALUES
	('2019-04-15 00:00:00','2019-07-16 00:00:00','ggrispos@unomaha.edu','Dan.Bogaard@rit.edu','George Grispos','Dan Bogaard','SIGITE 2019','assets/img/SIGITE.png');

/*!40000 ALTER TABLE _Configuration ENABLE KEYS */;
UNLOCK TABLES;


# Dump of table _Subjects
# ------------------------------------------------------------

DROP TABLE IF EXISTS _Subjects;

CREATE TABLE _Subjects (
  subjectId int(11) NOT NULL,
  subjectName varchar(60) DEFAULT NULL,
  PRIMARY KEY (subjectId)
) ENGINE=InnoDB DEFAULT CHARSET=utf8;

LOCK TABLES _Subjects WRITE;
/*!40000 ALTER TABLE _Subjects DISABLE KEYS */;

INSERT INTO _Subjects (subjectId, subjectName)
VALUES
	(1,'Accreditation and Assessment'),
	(2,'Administration of IT Education'),
	(3,'Application Security'),
	(4,'Community Outreach/K-12 Education'),
	(5,'Curriculum/Program/Degree/Collaboration Initiatives'),
	(6,'Data Mining/Analytics'),
	(7,'Distance/Online Education'),
	(8,'Gender and Diversity Issues'),
	(9,'Human-Computer Interaction'),
	(10,'Industry-Education Relationships'),
	(11,'Information Assurance'),
	(12,'Information Management/Databases'),
	(13,'Interesting Applications in IT'),
	(14,'Network Design Security and Implementation'),
	(15,'Non-Majors/Non-Traditional Students'),
	(16,'Novel class delivery methodologies'),
	(17,'Novel Laboratory Experiences'),
	(18,'Platform Technologies'),
	(19,'Programming Languages and Techniques'),
	(20,'Social and Professional Issues/Ethics'),
	(21,'Student Research/Capstones/Internships'),
	(22,'System Administration Security and Maintenance'),
	(23,'Web Systems and Technologies'),
	(24,'Database/Data Warehousing'),
	(25,'Emerging Technologies'),
	(26,'Ubiquitous Computing');

/*!40000 ALTER TABLE _Subjects ENABLE KEYS */;
UNLOCK TABLES;


# Dump of table _Types
# ------------------------------------------------------------

DROP TABLE IF EXISTS _Types;

CREATE TABLE _Types (
  typeId int(11) NOT NULL,
  typeName varchar(30) DEFAULT NULL,
  PRIMARY KEY (typeId)
) ENGINE=InnoDB DEFAULT CHARSET=utf8;

LOCK TABLES _Types WRITE;
/*!40000 ALTER TABLE _Types DISABLE KEYS */;

INSERT INTO _Types (typeId, typeName)
VALUES
	(1,'Paper - Applied'),
	(2,'Panel'),
	(3,'Workshop'),
	(4,'Poster'),
	(5,'Lightning Talk'),
	(6,'PhD Presentation'),
	(7,'Paper - Research');

/*!40000 ALTER TABLE _Types ENABLE KEYS */;
UNLOCK TABLES;


# Dump of table PaperAuthors
# ------------------------------------------------------------

DROP TABLE IF EXISTS PaperAuthors;

CREATE TABLE PaperAuthors (
  paperId int(11) NOT NULL,
  userId int(11) NOT NULL DEFAULT '0',
  displayOrder int(11) DEFAULT '0',
  PRIMARY KEY (paperId,userId),
  KEY FK_Authors_Users (userId),
  CONSTRAINT FK_Authors_Papers FOREIGN KEY (paperId) REFERENCES Papers (paperId) ON UPDATE CASCADE,
  CONSTRAINT FK_Authors_Users FOREIGN KEY (userId) REFERENCES Users (userId) ON DELETE CASCADE ON UPDATE CASCADE
) ENGINE=InnoDB DEFAULT CHARSET=utf8;

LOCK TABLES PaperAuthors WRITE;
/*!40000 ALTER TABLE PaperAuthors DISABLE KEYS */;

INSERT INTO PaperAuthors (paperId, userId, displayOrder)
VALUES
	(1,558,0),
	(2,558,0),
	(3,559,0),
	(4,561,0),
	(5,562,0),
	(6,566,0),
	(7,218,0),
	(7,366,0),
	(7,579,0),
	(8,75,0),
	(8,233,0),
	(9,9,0),
	(10,570,0),
	(10,671,0),
	(10,672,0),
	(10,673,0),
	(10,674,0),
	(10,675,0),
	(10,676,0),
	(10,677,0),
	(11,571,0),
	(12,572,0),
	(12,573,0),
	(13,228,0),
	(14,576,0),
	(15,581,0),
	(15,582,0),
	(16,583,0),
	(17,584,0),
	(18,585,0),
	(19,586,0),
	(19,589,0),
	(19,590,0),
	(19,591,0),
	(20,18,0),
	(21,593,0),
	(21,594,0),
	(22,583,0),
	(23,596,0),
	(23,597,0),
	(24,598,0),
	(25,600,0),
	(25,601,0),
	(26,563,0),
	(26,602,0),
	(27,112,0),
	(27,603,0),
	(27,604,0),
	(28,605,0),
	(28,606,0),
	(28,607,0),
	(29,608,0),
	(29,609,0),
	(29,610,0),
	(29,611,0),
	(30,564,0),
	(30,614,0),
	(30,615,0),
	(30,616,0),
	(31,585,0),
	(31,619,0),
	(31,620,0),
	(32,340,0),
	(33,621,0),
	(34,77,0),
	(34,224,0),
	(34,635,0),
	(35,77,0),
	(35,636,0),
	(36,637,0),
	(37,637,0),
	(38,2,0),
	(38,389,0),
	(38,639,0),
	(38,640,0),
	(38,641,0),
	(39,34,0),
	(39,52,0),
	(39,643,0),
	(39,644,0),
	(40,172,0),
	(41,37,0),
	(42,138,0),
	(43,37,0),
	(43,647,0),
	(44,575,0),
	(44,667,0),
	(45,450,0),
	(45,648,0),
	(46,585,0),
	(46,649,0),
	(46,650,0),
	(46,651,0),
	(46,652,0),
	(46,653,0),
	(47,654,0),
	(47,655,0),
	(48,316,0),
	(48,476,0),
	(49,595,0),
	(49,656,0),
	(49,657,0),
	(49,658,0),
	(50,316,0),
	(50,476,0),
	(51,75,0),
	(51,638,0),
	(51,662,0),
	(52,149,2),
	(52,405,4),
	(52,550,0),
	(52,558,1),
	(52,663,3),
	(53,646,0),
	(53,664,0),
	(53,687,0),
	(54,30,0),
	(54,450,0),
	(55,666,0),
	(56,159,0),
	(57,154,0),
	(58,404,0),
	(58,405,0),
	(58,558,0),
	(58,668,0),
	(58,669,0),
	(58,670,0),
	(59,405,0),
	(59,668,0),
	(59,669,0),
	(59,670,0),
	(59,678,0),
	(60,75,0),
	(60,233,0),
	(60,662,0),
	(61,149,0),
	(61,404,0),
	(61,405,0),
	(61,550,0),
	(61,679,0),
	(62,149,0),
	(62,405,0),
	(62,550,0),
	(62,678,0),
	(62,679,0),
	(63,617,0),
	(63,680,0),
	(63,681,0),
	(63,682,0),
	(63,683,0),
	(63,684,0),
	(63,685,0),
	(64,166,0),
	(64,167,0),
	(64,247,0),
	(64,365,0),
	(65,688,0),
	(66,228,0),
	(66,689,0),
	(66,699,0),
	(67,665,0),
	(67,691,0),
	(68,247,0),
	(68,419,0),
	(68,420,0),
	(68,421,0),
	(69,247,0),
	(70,692,0),
	(71,112,0),
	(71,693,0),
	(71,694,0),
	(72,661,0),
	(73,247,0),
	(75,618,0),
	(75,697,0),
	(75,698,0),
	(76,638,0),
	(76,700,0),
	(77,701,0),
	(77,702,0),
	(77,703,0),
	(77,704,0),
	(78,159,0),
	(79,705,0),
	(80,208,0),
	(81,208,0),
	(82,706,0),
	(82,707,0),
	(82,708,0),
	(83,20,0),
	(83,75,0),
	(83,94,0),
	(83,95,0),
	(83,583,0),
	(83,709,0),
	(84,20,0),
	(84,32,0),
	(84,94,0),
	(84,167,0),
	(85,208,0),
	(85,710,0),
	(85,711,0),
	(86,468,0),
	(88,149,0),
	(88,405,0),
	(88,481,0),
	(88,695,0),
	(88,719,0),
	(90,208,0),
	(90,712,0),
	(90,713,0),
	(91,714,0),
	(92,301,0),
	(92,715,0),
	(92,716,0),
	(92,718,0),
	(93,696,0),
	(95,485,0),
	(95,720,0),
	(95,721,0),
	(96,32,0),
	(96,481,0),
	(97,96,0),
	(97,722,0),
	(97,723,0),
	(97,735,0),
	(98,397,0),
	(98,725,0),
	(99,397,0),
	(99,599,0),
	(99,726,0),
	(99,730,0),
	(99,731,0),
	(99,732,0),
	(99,733,0),
	(100,397,0),
	(100,599,0),
	(100,726,0),
	(100,727,0),
	(100,729,0),
	(101,696,0),
	(102,96,0),
	(102,736,0),
	(103,389,0);

/*!40000 ALTER TABLE PaperAuthors ENABLE KEYS */;
UNLOCK TABLES;


# Dump of table Papers
# ------------------------------------------------------------

DROP TABLE IF EXISTS Papers;

CREATE TABLE Papers (
  paperId int(11) NOT NULL,
  title varchar(255) DEFAULT NULL,
  abstract mediumtext,
  track varchar(45) DEFAULT NULL,
  status varchar(45) DEFAULT NULL,
  submissionType int(11) DEFAULT NULL,
  submitterId int(11) DEFAULT NULL,
  fileId varchar(45) DEFAULT NULL,
  tentativeStatus varchar(40) DEFAULT NULL,
  PRIMARY KEY (paperId),
  KEY FK_Papers_Users (submitterId),
  KEY FK_Papers_Types (submissionType),
  CONSTRAINT FK_Papers_Types FOREIGN KEY (submissionType) REFERENCES _Types (typeId) ON DELETE CASCADE ON UPDATE CASCADE,
  CONSTRAINT FK_Papers_Users FOREIGN KEY (submitterId) REFERENCES Users (userId) ON DELETE CASCADE ON UPDATE CASCADE
) ENGINE=InnoDB DEFAULT CHARSET=utf8;

LOCK TABLES Papers WRITE;
/*!40000 ALTER TABLE Papers DISABLE KEYS */;

INSERT INTO Papers (paperId, title, abstract, track, status, submissionType, submitterId, fileId, tentativeStatus)
VALUES
	(1,NULL,NULL,NULL,NULL,5,558,'RW5WKTY86V',NULL),
	(2,NULL,NULL,NULL,NULL,1,558,'Z1SHHA0UZN',NULL),
	(3,NULL,NULL,NULL,NULL,1,559,'YO6IQY72NT',NULL),
	(4,'DEVELOPMENT+OF+MOBILE+APPLICATION++FOR++INCIDENT+REPORTING++','The+study+entitled+%E2%80%9CDevelopment+of+Mobile+Application+for+Incident+Reporting%E2%80%9D+is+an+application+that+aimed+to+report+and+respond+to+crime+incidents+that+may+occur+in+the+Philippines+community.+It+includes+two+main+applications+such+as+Crime+Reporting%2C+Crime+Responder+and+the+website.+The+Crime+Reporting+application+used+by+the+victim+or+witness%2C+to+submit+an+incident+report+with+photos+that+are+then+coordinated+to+either+the+nearest+barangay+or+police+station.+The+Crime+Responder+application+used+by+the+barangay+or+police+officials+for+notification+and+immediate+response+on+the+given+report.+The+website+for+incident+demographics.++The+application+runs+in+Android+phones+with+a+4.4+to+6.0+version+and+has+an+internet+connection.+The+30+participants%2C+including+10+end-users%2C+5+police+officers%2C+5+barangay+officers%2C+7+IT+teachers%2C+and+3+Android+programmers+using+the+ISO+25010+Model+as+an+assessment+tool%2C+assessed+it.',NULL,'Submitted',7,561,'9WJWV7VTQH','Accepted as a Poster'),
	(5,'Digital+Culture+and+Information%3A+A+Library-Based+Minor+Focusing+on+How+Modern+Information+Access+Impacts+Society','In+the+fall+of+2018%2C+the+Washington+and+Lee+University+Library+launched+an+interdisciplinary+minor+called+Digital+Culture+and+Information+%28DCI%29+that+aims+to+fill+a+curricular+gap+between+how+information+exists+and+how+it+is+used.++Built+from+a+successful+campus-wide+digital+humanities+initiative%2C+DCI+challenges+students+to+become+more+highly+literate+consumers+and+creators+of+information+through+coursework+focusing+on+data+analysis%2C+website+development%2C+and+the+impact+of+electronic+communication+on+society.++This+poster+presents+the+summation+of+a+summer+sabbatical+project+analyzing+programs+worldwide+similar+to+DCI%2C+how+our+minor+differs%2C+and+how+we+can+grow.',NULL,'Accepted',4,562,'TSWGRYI6YP','Accepted'),
	(6,'ACTOR-NETWORK+THEORY+APPROACH+USING+M-LEARNING+TECHNOLOGIES+IN+THE+SENIOR+HIGH+SCHOOL+AS+PEDAGOGY','Actor-Network+Theory+provides+an+approach+to+understand+how+both+social+action+shapes+technology+and+how+technological+innovations+shape+action.+Thus%2C+Actor-Network+Theory+acts+as+a+toolkit+to+explore+how+human+and+non-human+actions+interact+with+one+another+to+make+sense+of+their+world+%28Latour%2C+2005%29.+Therefore%2C+the+researchers+adopted+the+phases+of+actor-network+theory+approach+for+the+Public+Senior+High+School+with+the+use+of+M-learning+technologies+as+pedagogy+since+most+of+them+have+been+experiencing+lack+of+learning+materials+and+textbooks+and+teachers+are+finding+other+ways+on+how+to+provide+learning+materials+for+the+learners.+That+is+why+the+study+used+the+free+and+open+source+educational+software+and+online+sites+to+support+and+sustain+the+learning+needs+of+the+students.+Using+the+M-learning+site+and+applications+such+as+Edmodo%2C+Moodle+and+M-Technologies+like+mobile+phone+%28android%2C+iOs%2C+etc.%29+devices%2C+tablets+and+electronic+gadgets+everyone+%28both+teachers+and+students%29+can+access+the+information+anytime+and+anywhere.%0AOne+of+the+results+of+the+study+shows+that+it+is+moderately+accepted+in+terms+of+using+the+free+and+open+source+Edmodo+application.+Also%2C+the+respondents+moderately+accepted+the+usage+of+some+of+the+devices+that+may+be+used+in+educational+pedagogical+strategy.+The+satisfaction+of+ANT+approach+with+the+use+of+the+M-learning+technologies+in+the+Public+Senior+High+School+in+terms+of+M-learning+materials%2C+activities+and+assessment+was+highly+satisfied+with+a+total+mean+of+4.56.+Lastly%2C+the+level+of+agreement+of+ANT+approach+with+the+use+of+the+M-learning+technologies+as+pedagogy+in+terms+of+functionality%2C+efficiency%2C+usability%2C+availability%2C+and+reliability+was+strongly+agreed+by+the+students.+%0ATherefore%2C+actors-humans+have+a+big+factor+to+manage+the+non-human+entities+in+education.+The+two+has+a+big+role+in+our+education+especially+in+the+Public+Senior+High+School.%0AAs+what+the+ANT+approach+shows+with+the+use+of+different+M-learning+technologies%2C+it+is+significant+to+impart+in+education+as+pedagogical+strategy+of+the+teachers.++It+is+effective+so+that+no+learners+will+be+left+behind+from+the+lessons+discussed+that+are+given+by+the+teachers.%0AThe+researchers+proved+that+using+the+M-technologies%2C+they+are+highly+accepted+in+our+education.+Open+source+M-learning+that+are+used+in+education+gets+a+high+satisfactory+when+it+comes+to+the+functionality%2C+reliability%2C+usability+and+efficiency+of+ANT+approach.+Lastly%2C+the+study+shows+that+the+use+of+M-learning+technologies+is+highly+accepted+by+the+students+of+the+Public+Senior+High+School.%0A',NULL,'Rejected',7,566,'997P4B7QTR','Rejected'),
	(7,'Teaching+Database+for+Freshmen%3A+A+Two-Thread+Model','We+address+the+challenge+of+teaching+a+database+course+for+freshmen+CS%2FIT+majors%3A+namely+their+limited+background%2C+coupled+with+the+material%27s+mixture+of+language+%28e.g.%2C+SQL%29+and+abstract+theory+%28e.g.%2C+normalization%29+--+hard+even+for+upperclassmen.+In+this+paper%2C+we+propose+a+new+two-thread+model%3A+one+thread+of+theory+and+another+of+practice+which+are+relatively+independent+and+self-contained+%28compared+to+a+typical+%22Lecture+%2B+Lab%22+design%29.+To+provide+students+extensive+exercises+on+SQL%2C+the+practice+thread+has+labs+that+expose+them+to+SQL+statements+starting+Week+1.+When+applicable%2C+labs+purposely+anticipate+related+components+in+the+theory+thread.+Also+we+approach+abstract+concepts+%28e.g.%2C+normalization%29+using+an+example-based+method+that+generalizes+patterns+extracted+from+examples.+We+have+applied+this+two-thread+model+with+our+freshmen+for+the+last+few+semesters%2C+and+their+responses+have+been+very+positive.+We+share+some+of+this+feedback+as+well+as+the+learned+lessons+with+the+hope+to+enlighten+the+teaching+of+database+courses+and+other+freshmen+courses+in+other+institutions.',NULL,'Accepted as a Lightning Talk',1,218,'SCSMSAY6YE','Accepted as a Lightning Talk'),
	(8,'Student-Centered+Learning%3A+Create+a+Significant+Learning+Experience+by+Using+Flipped+Classroom+Approach','This+lightning-talk+aims+to+invoke+discussions+on+promoting+student-centered+learning+in+IT+education.+We+will+present+our+pedagogical+experiment+using+flipped+classroom+approach+to+create+significant+learning+experiences+in+delivering+a+core+IT+course.+The+design%2C+outcome%2C+and+student+feedback+will+be+discussed.',NULL,'Accepted',5,233,'1LXTQHYQS7','Accepted'),
	(9,'A+Process+of+Transitioning+to+the+New+ABET+Criterion+3%3A++An+IT+Degree+Program%E2%80%99s+Approach+','This+talk+discusses+an+effective+and+efficient+process+that+a+BSIT+program+has+undergone+for+transitioning+to+the+new+ABET+Student+Outcomes+and+some+preliminary+results%2C+which+may+benefit+other+computing+programs+in+preparation+for+an+ABET+accreditation+visit+in+2019+or+beyond.',NULL,'Accepted',5,9,'NS45UAX7P4','Accepted'),
	(10,'Human+Risk+Factors+in+Cybersecurity','Phishing+emails+present+a+serious+threat+to+any+institution%2C+costing+individuals+and+companies+millions+of+dollars+every+year+in+dam-ages.+This+paper+attempts+to+assess+the+human+risks+of+a+mid-sized+state+university+by+conducting+an+experiment+in+which+users+were+phished+multiple+times+and+presented+with+different+training+types.+The+phishing+emails+contained+links+to+a+controlled+server+that+prompted+users+to+enter+login+credentials+into+a+spoofed+university+login+page+and+gathered+relevant+data.+Our+analysis+shows+that+44.3%25+of+users+clicked+on+at+least+one+of+the+phishing+emails%2C+and+18.6%25+entered+valid+credentials.+Additionally%2C+we+found+that+the+majority+of+users+%2864.5%25%29+responded+to+the+phishing+emails+via+mobile+devices+running+iOS+or+Android+and+we+received+98%25+of+responses+within+the+first+twelve+hours+of+sending+the+emails.+Finally%2C+our+data+suggests+that+the+most+effective+training+method+to+prevent+users+from+clicking+subsequent+phishing+emails+was+to+provide+easy-to-read+documents+with+visual+cues+when+users+were+%E2%80%9Ccaught%E2%80%9Din+the+act.',NULL,'Accepted',7,570,'V6V14ZERKV','Accepted'),
	(11,NULL,NULL,NULL,'Undecided',2,571,'NSPT8PLQ3E','Undecided'),
	(12,'A+New+Methodology+for+a+Functional+and+Logic+Programming+Course','We+have+been+giving+a+course+on+functional+and+logic+programming+models+for+third+and+fourth+grade+students+of+a+university+in+Japan.+For+students+mostly+trained+in+imperative+programming+%28e.g.%2C+the+C+language%29+and+object-oriented+programming+%28e.g.%2C+the+Java+language%29%2C+transitioning+to+the+logic+paradigm+after+making+significant+efforts+to+first+get+used+to+the+functional+paradigm+imposes+a+really+heavy+burden%2C+with+students+often+%22throwing+the+towel%22+for+this+final+step+%28i.e.%2C+on+to+logic+programming+and+relational+thinking%29.+For+the+2018+academic+year%2C+we+have+experimented+a+novel+pedagogic+method+to+smooth+the+transition+between+these+two+paradigms%2C+relying+on+the+intermediate+language+Curry.+In+this+paper%2C+we+start+by+describing+the+proposed+method+by+giving+some+details+of+the+course+before+quantitatively+evaluating+our+approach+by+conducting+several+comparative+experiments.+The+obtained+results+are+very+promising+in+that+they+show+significantly+increased+examination+marks+and+several+positive+aspects+at+the+course+evaluation+by+students.',NULL,'Accepted',7,572,'7G4HYWL96T','Accepted'),
	(13,'Using+Instruction+Writing+in+Introductory+Computing+Courses+to+Aid+Problem-Solving','Teaching+students+problem-solving+skills+is+the+biggest+challenge+for+many+computing+programs.+The+usual+emphasis+on+the+programming+language+in+the+introduction+to+computing+courses+distracts+students+from+designing+solutions.+Introducing+problem-solving+using+pseudocode+does+not+solve+this+problem+either%3B+our+research+shows+that+students+treat+pseudocode+as+just+another+programming+language+and+fixate+on+syntax+rather+than+the+solution+design.+The+paper+demonstrates+how+technical+writing+techniques%2Fstrategies+can+be+used+in+an+introductory+programming+course.+Students+develop+programming+code+through+writing+instructions+and+have+to+submit+the+documentation+of+problem-solving+process+that+includes%3A+1%29+the+problem+statement%3B+2%29+used+decomposition+strategies%2C+3%29+questions+to+identify+deficiencies%2C+and+4%29+resolution+of+identified+deficiencies+through+iterative+refinement.+This+approach+requires+students+to+think+about+what+questions+they+need+to+ask+in+designing+a+solution.+Results+indicate+that+this+approach+helps+developing+problem-solving+skills+and+improves+the+student+success+rate+in+the+first+programming+course.',NULL,'Accepted as a Poster',1,228,'F1ATWAR34D','Accepted as a Poster'),
	(14,'Designing+the+IT+Capstone+Course%3A+A+Systematic+Literature+Review','This+talk+discusses+the+preparation+to+design+a+newly+required+Capstone+course+as+part+of+a+larger+curriculum+update+in+an+IT+degree+program+at+a+large+midwestern+university.+To+ensure+a+quality+experience+for+students%2C+the+course+is+being+developed+based+on+best+practices+identified+through+a+systematic+literature+review.+A+proper+review+is+comprised+of+discrete+activities+that+ensure+a+rigorous+process+to+review+current+evidence+related+to+a+particular+research+question.+The+review+is+currently+in+early+stages.+Progress+in+establishing+methods+and+summarizing+findings+will+be+discussed.',NULL,'Accepted',5,576,'HZD3Q82S7G','Accepted'),
	(15,'Fundamentals+of+Ethical+Hacking+and+Penetration+Testing+','This+workshop+provides+the+fundamental+concepts+of+Ethical+Hacking+with+hand+on+practice+on+many+Penetration+Testing+tools.+The+workshop+is+organized+mainly+in+two+sessions%3B+Theoretical+concepts+and+Practical+working+on+Ethical+Hacking+tools+%28Hands+on+Labs%29.+The+hands-on+practical+labs+involve+Reconnaissance%2C+Scanning%2C+Vulnerability+Assessment%2C+Web+Application+attack+%28SQL+injection%29+and+malware+injection+concepts+that+eventually+give+the+participants+a+real+time+exposure+of+a+complete+cyber-attack+process+and+recommendations+for+avoidance.+The+participants+will+be+provided+with+all+Ethical+Hacking+tools+kit+which+they+can+use+for+further+learning+and+improve+their+security+analysis+skills.+',NULL,'Accepted',3,581,'56OSE8H95G','Accepted'),
	(16,'Impact+of+Practices+Tests+on+A%2B+Certification+Exam+Score%3A+An+Initial+Study','XX+University+%28XXX%29+is+an+accredited+online+university+with+a+2018+total+enrollment+of+xxxxxx%2C+and+the+College+of+Information+and+Technology+%28COIT%29+enrollment+is+XXXXX.++COIT+utilizes+61+IT+certifications+across+degrees.++This+paper+examines+the+correlation+between+student+scores+on+IT+the+A%2B+certification+exams+and+two+vendors+practice+tests.+++Only+weak+correlations+were+found%3B+data+analysis+showed+that+students+do+not+take+advantage+of+all+the+practice+tests%2C+and+do+not+utilize+the+more+mature+and+respected+practice+tests.+We+recommend+that+the+order+of+test+be+changed.',NULL,'Rejected',7,583,'G68RB7YPE4','Rejected'),
	(17,'Equipping+DoD+Workforce+with+SAP+Competencies','Many+US+Department+of+Defense+%28DoD%29+services+and+agencies+have+embarked+on+digital+transformation+journeys+leveraging+SAP.+The+benefits+of+a+well+educated+workforce+are+well+recognized+and+understood.+However%2C+US+DoD+employees+%28military+and+civilians%29+do+not+typically+have+access+to+tailored+programs+to+help+them+build+SAP+competencies+such+as+the+ability+to+understand+how+the+various+domain+%28e.g.+finance%2C+logistics%2C+and+human+capital+management%29%2C+areas+are+integrated%2C+analytics%2C+and+the+Internet+of+Things+%28IoT%29+that+can+be+applied+to+organization%27s+efforts.+SAP+has+already+partnered+with+many+higher+education+institutions+through+its+University+Alliance+and+NextGen+Programs.+This+lightning+talk+will+share+some+of+the+successes+achieved+in+equipping+DoD+Workforce+with+SAP+Competencies+through+the+University+Alliance+and+NextGen+Programs.',NULL,NULL,5,584,'AUE9UO8YHI',NULL),
	(18,NULL,NULL,NULL,NULL,5,585,'AH6MS9FM56',NULL),
	(19,'Expanding+Learners+as+Designers+%28LasD%29+in+IT','The+trend+to+actively+include+learners+as+designers+in+higher+education+continues+to+positively+improve+learning+outcomes.+This+paper+expands+this+application+in+a+Learners+as+Designers+%28LasD%29+process+in+an+upper+level+undergraduate+course+in+organizational+networking+and+communication+tools.+Students+participated+in+selection+of+tools%2C+as+well+as+associated+readings+and+assessment+rubrics.+Nineteen+students+participated+in+the+study.+A+survey+comprising+open-ended+questions+was+distributed%2C+and+a+follow-up+interview+was+conducted+with+select+participants.+A+qualitative+content+analysis+was+performed+to+understand+how+students+think+about+being+an+active+part+of+the+course+development.+Initial+results+indicate+that+students+appreciated+having+a+voice+in+the+design+process%2C+but+found+certain+parts+of+the+implementation+needed+more+structure.',NULL,'Accepted',7,586,'F3U9DIBQ96','Accepted'),
	(20,'Labs+and+Three-Stage+Learning+Process+Used+in+a++Cyber+Security+Learning+System','This+paper+discusses+labs+and+a+three-stage+learning+process+to+help+students+learn+the+contents+of+cyber+security.+A+system+infrastructure+that+includes+a+number+of+identical%2C+secure%2C+and+isolated+learning+environments+is+developed.+Each+learning+environment+includes+a+set+of+cyber+security+labs+with+each+lab+consisting+of+two+sub-labs%3A+attack+and+defense.+These+labs+facilitate+students+learning+of+theoretical+knowledge+and+allow+them+to+practice+hands-on+activity+of+attack+and+defense.+Each+lab+involves+a+three-stage+learning+process%3A+learning%2C+assessment%2C+and+engagement.+The+learning+environments+are+implemented+by+using+virtualization+technology.+Multiple+virtual+machines+%28VMs%29+are+implemented+in+each+learning+environment+and+those+machines+serve+tasks+of+attack+and+defense.+In+addition%2C+the+system+infrastructure+allows+interaction+among+learning+environments%2C+therefore+making+it+more+similar+to+a+realistic+world+network.+',NULL,'Accepted as a Lightning Talk',1,18,'XNN2PTL2TQ','Accepted as a Lightning Talk'),
	(21,'Virtual+Reality+and+its+Impact+on+Learning+Success','For+elementary+schools%2C+the+question+arises+as+to+whether+the+use+of+Virtual+Reality+%28VR%29+can+lead+to+better+learning+success+for+pupils.+A+field+experiment+was+chosen+as+the+methodology+for+investigating+this+question.+A+total+of+82+pupils+from+four+first+and+third+secondary+school+classes+were+available+for+this+field+experiment.+They+were+randomly+assigned+to+a+group+per+class%2C+taking+gender+into+account.+Both+groups+attended+a+pre-test+one+week+before+the+respective+course+unit+in+order+to+identify+any+previous+knowledge.+One+week+after+the+course+unit%2C+both+groups+again+completed+the+post-test.+The+tests+were+designed+in+such+a+way+that+equal+weight+was+attached+to+each+learning+objective+of+the+learning+units.+During+the+evaluation%2C+the+individual+learning+success%2C+i.e.+the+difference+between+the+post-test+and+the+pre-test%2C+was+calculated+for+each+pupil.+No+significant+differences+in+learning+success+between+the+classical+and+VR+units+could+be+demonstrated.+Apart+from+that%2C+the+VR+learning+unit+led+to+a+positive+result+and+was+widely+accepted+by+the+students.+However%2C+it+has+also+been+shown+that+it+is+very+difficult+to+design+equivalent+learning+units+and+to+compare+them+fairly.+For+future+research%2C+it+is+recommended+to+focus+on+the+question+of+how+a+VR+learning+unit+can+be+anchored+complementarily+in+a+higher-level+curriculum.+In+this+way%2C+the+advantages+of+both+types+of+learning+units+can+be+optimally+combined.',NULL,'Accepted as a Lightning Talk',7,593,'HHQ8A3NX0P','Accepted as a Lightning Talk'),
	(22,'Confessions+of+an+IT+Certification+High+Priest','For+the+past+20%2B++years%2C++I+have+taught+IT+certifications+at+a+university%2C+a+community+college%2C+and+tech+centers.+++I++am+a++Microsoft+Certified+Trainer+and+Master+Certified+Novell+Instructor.++I+have+taught+Cisco%2C+Microsoft%2C+Novell%2C+and+CompTIA+courses.+++I+have+seen+the+good%2C+the+bad%2C+and+the+ugly%2C+and+I+will+tell+all+in+this+talk.',NULL,NULL,5,583,'8LY04L00QR',NULL),
	(23,'JPEG+Steganography+Using+BPCS','Bit+Plane+Complexity+Segmentation+%28BPCS%29+steganography+is+a+technique+to+hide+data+inside+an+image+file.+Traditional+techniques++have+limited++information+hiding+capacity.+This+paper+describes%2C+analyzes+and+implements+a+steganographic+technique+that+embeds+a+payload+into+a+lossy+format+JPEG+using+BPCS+technique.+This+technique+takes+advantage+of+the+human+eye+limitation+where+a+human+cannot+identify+any+information+in+a+very+complicated+binary+pattern.+The+main+principle+of+BPCS+technique+is+that+the+bit+planes+of+the+binary+image+are+divided+into+the+informative+region+and+the+noise-like+region.+The+noise-like+regions+in+the+bit+planes+of+the+vessel+image+can+then+be+replaced+with+secret+data+without+affecting+the+image+quality.+The+secret+data+is+hidden+into+noise-like+region+of+the+cover+or+vessel+image+without+any+distortion+to+the+vessel+image.+',NULL,'Accepted as a Poster',7,596,'ZE2APPHZ3F','Accepted as a Poster'),
	(24,'Factorization+Using+Quantum+Computing','Present+methods+of+asymmetric+%28public+key%29%0Aencryption+rely+on+the+difficult+nature+of+cracking+their%0Aencryption+algorithms+due+to+the+mathematical%0Aproperties+that+they+employ.+These+encryption%0Aalgorithms+take+advantage+of+using+very+large%0Asemiprime+integers+to+encode+information.+The%0Aprocess+of+cracking+an+encrypted+message+boils%0Adown+to+the+ability+of+a+program+to+find+the+factors+of%0Athese+large+semiprime+integers.+Traditional+computing%0Ais+capable+of+such+a+feat%2C+but+the+time+it+takes+to%0Acompute+the+correct+factors+far+exceeds+the+time%0Aduring+which+the+encrypted+information+is+of+value.+A%0Apossible+solution+lies+in+the+power+of+quantum%0Acomputing+to+crack+encryption+within+useable+time%0Aframes.%0AThis+project+investigated+and+then%0Aimplemented+semiprime+factoring+algorithms+that+we%0Aran%2C+first+on+quantum+computer+simulators%2C+and+then%0Aon+real+quantum+computers.+We+report+our%0Aexperiences+and+results+and+discuss+the+future+for%0Apublic+key+encryption.',NULL,'Rejected',1,598,'J52OO0RUEJ','Rejected'),
	(25,NULL,NULL,NULL,NULL,5,600,'9IOV46UKZH',NULL),
	(26,'Instruction+Recall+Under+Stress','Exams%2C+presentations%2C+and+deadlines+are+all+classroom+activities+that+can+cause+extreme+stress+in+some+students.+This+stress+can+make+the+simplest+recall+difficult+and+some+students+panic.++Can+reducing+the+number+of+instructions+help+ease+the+stress%3F+Does+the+number+of+instructions+given+at+a+time%2C+matter%3F+In+this+paper%2C+we+describe+an+experiment+to+demonstrate+the+effects+of+stress+on+memory+recall.+The+experiment+is+to+highlight+the+difficulties+students+can+have+recalling+numerous+directions+after+getting+a+series+of+instructions+under+stress+and+in+a+controlled+environment.+While+the+hypothesis+resulted+in+an+inverse+relationship+in+stress+and+finish+time%2C+it+did+have+a+noteworthy+outcome+in+females+versus+male+performance+under+stress.',NULL,'Accepted',4,563,'6285X465PC','Accepted'),
	(27,'Combining+Block-Based+Programming+and+Hardware+Prototyping+to+Foster+Computational+Thinking','The+promotion+of+Computational+Thinking+principles+at+different+levels+of+education+enables+the+development+of+practical+competences+for+software+development.+A+number+of+off-+the-shelf+technologies+exist+to+promote+computational+abilities+with+the+support+of+block-based+programming+and+working+hardware.+However%2C+in+several+contexts+an+important+limitation+is+the+complexity+and+costs+that+carry+the+acquisition+and+implementation+of+working+hardware+such+as+Educational+Robots.+In+this+paper%2C+we+discuss+a+strategy+to+reinforce+the+acquisition+of+Computational+Thinking+%28CT%29+skills+by+providing+an+analogous+method+to+Educational+Robots.+We+offer+an+affordable+solution+to+assist+high+school+students+to+build+a+CT-based+software%2Fhardware+integrated+solution.+We+executed+this+strategy+in+a+coding+bootcamp+where+students+were+required+to+design+and+implement+an+algorithm%2C+and+illustrate+its+execution+in+software+and+hardware.+The+proposed+exercise+delivered+the+expected+results+engaging+students+to+abstract+the+solution+of+a+problem%2C+implement+an+algorithm%2C+and+create+a+physical+demonstration+of+it.',NULL,'Accepted',7,112,'ERXLPAUJQB','Accepted'),
	(28,'Classroom+Engagement+Activities+with+the+Raspberry+Pi','With+the+growing+number+of+cyber-attacks%2C+the+need+for+robust+cyber+security+education+has+never+been+greater.+With+numerous+universities+constructing+individual+cyber+security+curriculum%2C+it+is+imperative+to+establish+the+most+effective+means+of+teaching+cyber+security+in+a+productive+and+engaging+manner.+A+study+was+conducted+to+ascertain+whether+students+found+use+of+the+Raspberry+Pi+in+lab+activities+to+be+more+engaging+than+the+present+virtual+machine-based+labs.+The+study+is+a+first+step+in+assessing+whether+the+Raspberry+Pi+platform+should+be+adopted+and+incorporated+into+courses+across+the+cyber-curriculum+to+provide+students+with+a+more+hands+on+experience.',NULL,'Accepted as a Lightning Talk',1,605,'1VPLMAGAVZ','Accepted as a Lightning Talk'),
	(29,'The+Adventures+of+ScriptKitty%3A+Using+the+Raspberry+Pi+to+teach+adolescents+about+Internet+safety','Internet+safety+and+privacy+considerations+are+increasingly+important+topics+for+adolescents.+While+on-line+games+and+other+media+that+introduce+middle+school+and+high+school+students+to+security+and+privacy+concepts+exist%2C+there+are+very+few+practical+exercises+that+reinforce+concepts+in+a+hands-on+manner.+In+this+paper%2C+we+introduce+The+Adventures+of+ScriptKitty%2C+a+free+on-line+learning+aid+that+is+used+in+conjunction+with+the+Raspberry+Pi+single+board+computer.+We+pilot+The+Adventures+of+ScriptKitty+to+51+middle+school+and+high+school+students.+Our+results+showed+that+students+significantly+improved+their+understanding+of+basic+network+topics+and+felt+more+confident+on+how+to+stay+safe+on+the+Internet.',NULL,'Accepted',1,608,'NZ5VPLPKR8','Accepted'),
	(30,'Using+the+Raspberry+Pi+in+IT+Education','In+the+last+few+years%2C+the+emergence+of+cybersecurity+has+transformed+IT+education+forever.+The+biggest+issue+is+that+the+concept+of+cybersecurity+is+relatively+brand+new.+There+is+no+specific+way+to+educate+future+cybersecurity+graduates.+In+most+classes%2C+the+lack+of+hands+on+labs+means+that+students+are+unable+to+realize+the+importance+of+cybersecurity.+The+idea+to+use+the+Raspberry+Pi+to+create+a+smart+home+model+means+that+students+can+have+a+physical+device+to+penetration+test.+Virtual+labs+help+students+grasp+concepts%2C+but+do+not+teach+real+world+concepts.+%0A',NULL,'Accepted',4,564,'6YZ95VL07J','Accepted'),
	(31,'Hacking+the+Non-Technical+Brain%3A+Maximizing+Retention+in+a+Core+Introductory+IT+Course','Maximizing+student+retention+of%2C+and+ability+to+apply%2C+technical+material+in+introductory+information+technology+courses+is+a+complex+task%2C+especially+with+respect+to+the+general+student+population.+This+population+struggles+with+the+application+of+programming+concepts+in+the+time-constrained+testing+environment.+Our+study+considers+the+implementation+of+daily+quizzes+in+a+core-curriculum+information+technology+and+programming+course+as+a+means+to+improve+student+concept+retention+and+application.++Between+the+first+and+second+exams%2C+the+instructors+implemented+a+series+of+high-frequency%2C+no-risk+quizzes.+Of+the+four+sections+of+the+course+that+each+instructor+taught%2C+two+sections+each+were+provided+with+the+quizzes+as+the+experimental+group+and+two+remained+with+the+standard+curriculum+as+the+control.+The+results+demonstrate+the+benefits+of+frequent%2C+effortful+recall+on+student+performance+in+a+core-curriculum+information+technology+and+programming+course.',NULL,'Accepted',7,585,'F69D69ONO4','Accepted'),
	(32,'Modeling+School+Choice+of+STEM+Students+using+Decision+Tree','This+study+intends+to+determine+the+model+of+school+choice+of+science%2C+technology%2C+engineering%2C+and+mathematics+%28STEM%29+students+based+on+the+perceived+importance+of+accreditation+status+of+a+school%2C+field+of+study%2C+the+consideration+to+take+entrance+examinations%2C+and+confidence+towards+passing+an+entrance+examination.+Toward+this+goal%2C+208+students+answered+a+content-validated+research+instrument.+The+gathered+data+were+analyzed+using+data+mining+methods.+It+was+revealed+accreditation+is+important+since+it+strengthens+the+reputation+of+a+school.+Reputation+is+a+persistent+factor+in+choosing+a+school.+This+means+that+students+perceived+that+an+accredited+school+has+the+capacity+to+fulfill+its+goal+of+providing+quality+education.+Implications+to+research+and+practice+are+offered.',NULL,'Accepted as a Poster',7,340,'34E0BWZQ53','Accepted as a Poster'),
	(33,'Serverless+Distributed+Architecture+by+Incremental+Examples','Cloud+computing+has+the+potential+to+be+a+great+equalizer%2C+providing+powerful+and+sophisticated+computing+tools+to+anyone+with+an+internet+connection+and+even+a+minimal+budget.+In+fact%2C+educational+institutions+can+often+get+cloud+grants+providing+access+at+no+cost.+Although+any+traditional+computing+paradigm+can+be+implemented+with+cloud+computing%2C+there+are+now+new+and+potentially+more+useful+options+available.+This+workshop+is+a+hands-on+exploration+of+several+of+those+new+paradigms+in+a+single+gamifiable+system.%0A%0AParticipants+will+explore+cloud+computing+through+a+game-playing+case+study.+Concepts+covered+include+serverless+computing%2C+distributed+systems%2C+event-driven+software%2C+message+passing%2C+asynchronous+communication%2C+blob+stores%2C+and+non-relational+databases.+Each+new+idea+will+be+used+to+advance+the+example+system+a+step+at+a+time.%0A%0AThe+workshop+will+emphasize+ways+to+incorporate+the+case+study+in+class+and+possibilities+for+extending+it.+All+code+for+the+system+is+available+on+GitHub+for+participants+to+work+with+to+implement+their+own+games+or+extend+the+concepts+in+other+ways%2C+such+as+a+programming+assignment+submission+and+scoring+system.%0A',NULL,'Accepted',3,621,'588M90Y28K','Accepted'),
	(34,'CHEESE%3A+Cyber+Human+Ecosystem+of++Engaged+Security+Education','The+CHEESE+project+supplements+and+enhances+traditional+cybersecurity+education+with+hands-on%2C+practical+experience+in+common+cybersecurity+flaws+and+solutions.+CHEESE+requires+only+a+web+browser%2C+allowing+users+to+develop+cybersecurity+skills+without+compromising+their+own+computer+or+spending+hours+setting+up+a+complex+virtual+machine+%28VM%29+or+sandbox+environment.+In+this+tutorial+we+will+conduct+a+hands-on+walkthrough+of+a+couple+of+cybersecurity+demonstrations+on+CHEESE+and+present+an+overview+of+the+platform+and+the+community-driven+contribution+and+development+process.',NULL,'Accepted',3,77,'N7SRD3TRAI','Accepted'),
	(35,'The+Role+of+Multiple+Representations+and+Representational+Fluency+in+Cryptography+Education','Both+the+public+sector+and+private+sector+have+strong+demand+for+qualified+cybersecurity+professionals.+It+is+therefore+imperative+that+higher+education+institutions+can+fill+the+gap+by+producing+more+skilled+graduates+that+have+deep+understanding+of+cybersecurity.+Cryptography+is+one+of+those+fundamental+subjects+that+is+difficult+to+learn+and+error-prone+in+practice.+This+work+aims+to+understand+if+multiple+representations+and+representational+fluency+can+help+students+better+learn+new+cryptography+concepts.++Experiments+were+designed+to+present+the+same+new+cryptography+concepts+using+three+different+representations+to+the+participants%3A+language%2C+graph%2C+and+math+notations.+Assessments+with+different+representations+were+then+conducted+after+the+learning+phase+to+associate+the+learning+gains+to+the+learning+behaviors.+An+eye+tracker+was+used+during+the+learning+and+the+testing+phase+of+the+study+to+keep+track+of+the+learning+behaviors+of+the+participants%27.++This+IRB-approved+study+recruited+43+students.+Results+show+that+most+participants+prefer+the+language+representations%2C+but+other+two+representations+are+necessary+and+help+improving+the+comprehension+of+the+new+concepts.',NULL,'Accepted',7,77,'4CRWAG21XU','Accepted'),
	(36,'Human+Brain+Tumor+Detection+using+Anisotropic+Diffusion+Filtering+and+Segmentation+','Tumor+is+one+of+the+prime+reasons+for+causing+death+in+human+being%2C+which+can+be+detected+with+the+help+of+MRI.+In+this+paper%2C+we+tried+to+detect+whether+tumor+is+presented+or+not+using+MRI+images.+To+analyze+the+morphological+operation+on+MRI+images%3B+firstly%2C+the+image+is+filtered+using+Anisotropic+Diffusion+Filter%2C+to+reduce+the+contrast+between+pixels.+After+an+analysis+based+on+a+threshold+value%2C+the+image+is+resized+and+transformed+into+black+and+white+image.+This+is+the+primary+filter+used+to+locate+tumors.+Secondly%2C+the+image+morphological+operation+is+applied+to+solidity%2C+and+area+of+the+possible+location+achieved.+The+smallest+value+is+determined+from+the+statistical+average+of+different+MRI+image+which+contain+tumors.+Most+of+the+time%2C+this+simulation+can+give+correct+result+but+approximately+30%25+fails+to+detect+the+small+tumors.+To+solve+this+problem%2C+two-dimensional+MRI+images+taken+from+many+different+locations+on+particular+human+brain+and+to+do+analyse+brain+tumor+to+point+out+the+particular+three-dimensional+location.+To+accomplish+this%2C+two-dimensional+segmentation+and+tumor+detection+are+developed+for+a+better+efficiency+so+that+three-dimensional+detection+can+be+more+predictable.+The+image+segmentation+techniques+are+used+to+detect+the+object+by+using+dynamic+form.+The+object+area+and+its+shape+describe+the+snake+model+in+the+images.',NULL,'Rejected',7,637,'DXXPTVEM2G','Rejected'),
	(37,'Human+Tumor+Detection+Using+Active+Contour+and+Region+Growing+Segmentation','Segmentation+and+detection+of+borders+are+one+of+the+most+important+tasks+in+the+processing+of+images.+When+segmented%2C+an+image+is+divided+into+a+difficult+and+rapid+range+of+areas.+This+is+an+in-between+step+in+many+image+processing+programs%2C+such+as+content-+based+primarily+image+and+video+recovery%2C+object+detection+and+tracking%2C+biomedical+engineering+and+many+others.+The+segmentation+of+human+brain+tumors+from+magnetic+resonance+imaging+%28MRI%29+data+sets+is+of+first-rate+importance+for+progressed+analysis%2C+prediction+of+rate+increases+and+remedy-making+plans.+However%2C+automating+this+method+is+hard+because+of+the+existence+of+extreme+partial+quantity+effect+and+high-quality+variability+in+tumor+structures.+In+this+work%2C+we+introduced+area+developing+segmentation+and+active+contour+model+for+the+automatic+segmentation+of+the+human+brain+tumor+from+multimodal+volumetric+MRI+images.+Using+active+contour+and+region+growing+segmentation+we+progressed+the+accuracy+and+robustness+to+detect+more+than+one+brain+tumor.+With+the+accurate+place+and+shape+approximation+within+the+initial+degree%2C+the+item+is+effectively+detected+with+the+aid+of+using+active+contour.+The+correctness+and+robustness+of+the+proposed+algorithm+are+verified+on+extracting+the+tumor+areas+of+MRI.+In+comparison+with+the+tumor+outlines+defined+by+a+human+expert%2C+the+outlines+were+used+by+the+proposed+set+of+rules+to+achieve+sensitivity+values+of+up+to+98.98+percent.+The+proposed+algorithm+the+rules+presents+an+easy+and+accurate+approach+for+tumor+segmentation+in+MRI+images.',NULL,'Rejected',7,637,'NAXZC0VB45','Rejected'),
	(38,'Identifying+and+Evaluating+Information+Technology+Baccalaureate+Degree+Programs+per+IT2017','SIGITE+2012+included+a+report1+of+Information+Technology+%28IT%29%0Abachelor%E2%80%99s+degree+programs+in+the+USA+as+compared+to+the+IT2008%0AModel+Curriculum2.+New+IT+curriculum+guidelines+were+released+by+the%0AACM+in+late+20173.+This+paper+describes+the+process+for+identifying+and%0Aevaluating+IT+bachelor%E2%80%99s+programs+in+the+United+States+per+the+new+2017%0AIT+curriculum+guidelines.+Due+to+widespread+variation+in+the+names+of%0Aacademic+degree+programs%2C+one+cannot+simply+count+those+named%0A%E2%80%9CInformation+Technology.%E2%80%9D+This+research%2C+funded+by+SIGITE%2C+first%0Adefined+a+framework+for+evaluating+the+compliance+of+an+IT+program+to%0Athe+standard+of+the+IT2017+document.+This+framework+was+then+applied%0Athroughout+this+research.+We+first+compiled+a+list+of+prospective+IT%0Aprograms+to+research.+Each+institution+on+the+list+was+then+researched+by%0Alooking+at+their+webpage+in+search+of+a+list+of+computing+majors+listed+at%0Athat+institution.+If%2C+at+a+glance%2C+these+program%E2%80%99s+required+courses+looked%0Asimilar+to+those+required+in+an+IT+program%2C+the+program+was+evaluated%0Aand+given+a+numerical+compliance+factor.+This+compliance+factor+was%0Acalculated+using+the+assessment+form+that+is+included+in+this+document.%0AThe+results+of+this+analysis+are+presented.',NULL,'Accepted',7,2,'BFESK8QH4T','Accepted'),
	(39,'Complementing+Course+Contents+Between+IT%2FCS%3A+A+Case+Study+on+Database+Courses','Information+Technology+%28IT%29+and+Computer+Science+%28CS%29+are+two+well+regarded+computing+programs+that+produce+hundreds+of+thousands+of+graduates+in+each+year+to+meet+the+diverse+needs+in+the+IT+industry.+Despite+being+treated+as+two+distinct+disciplines%2C+IT+and+CS+do+share+commonalities+as+with+other+computing+disciplines+%28e.g.%2C+CE%2C+SE%2C+and+IS%29.+In+this+paper%2C+we+provide+a+detailed+analysis+on+the+commonalities+and+differences+between+IT+and+CS+along+with+their+respective+teaching+methodologies%2C+aiming+to+identify+opportunities+to+complement+these+two+computing+disciplines+so+that+they+can+benefit+from+each+other%27s+unique+advantages+to+better+train+future+computing+professionals.+A+case+study+on+the+database+courses+from+both+IT+and+CS+helps+reveal+deeper+insights+on+both+the+common+and+different+aspects+of+these+two+disciplines.+These+insights+are+then+leveraged+to+reach+important+recommendations+for+future+computing+curriculum+development.++',NULL,'Accepted',7,52,'Q39PSMMINW','Accepted'),
	(40,'Examining+Faculty+Perceptions+and+Approaches+to+Problem+Solving%2C+Reflective+Learning+and+Social+Learning+in+a+Computing+Education+Program%3A+An+Exploratory+Case+Study','This+exploratory+case+study+examined+problem+solving+approaches+across+three+computing+education+programs%3A+computer+science%2C+information+sciences+and+technologies+and+software+engineering.+Using+an+Experiential+Learning+Theory+framework%2C+faculty+perceptions+and+approaches+to+problem+solving+and+reflection+and+the+nature+of+social+learning+in+both+classroom+enactment+and+laboratory+sessions+for+second-year+undergraduate+students+were+examined.+Classroom+and+laboratory+observations%2C+in-depth+interviews+and+course+artifacts+served+as+the+main+sources+of+data.+Qualitative+data+analysis+revealed+three+key+findings%3A+a%29+faculty+perceptions+and+approaches+to+problem+solving+centered+on+modeling+problem+decomposition+to+break+down+larger+problems+into+smaller+steps+or+sub-problems%2C+b%29+reflection+was+informally+modeled+by+faculty+during+instruction%2C+but+primarily+occurred+internally+for+students+and+c%29+faculty+noted+the+importance+of+collaboration+in+the+workforce%2C+yet+perceived+collaborative+student+work+to+be+at+odds+with+developing+individual+skillsets%2C+leading+to+the+predominance+of+informal+rather+than+structured+social+learning.+These+findings+have+implications+for+faculty+understanding+of+computing+instruction+related+to+problem+solving%2C+intentional+strategies+that+promote+student+reflections+of+their+learning+process+and+importantly%2C+how+social+learning+is+conceptualized+and+enacted+in+computing.+In+addition%2C+the+study+also+had+implications+for+how+computing+faculty+are+currently+preparing+students+for+transition+to+workforce+demands.',NULL,'Accepted',7,172,'7QXLMSNLIS','Accepted'),
	(41,'Engaging+IT+Students+through+the+NASA+SUITS+Design+Challenge%3A+An+Experience+Report','Engaging+students+is+at+times+challenging%2C+especially+when+course+assignments+revolve+around+tedious+work+that+is+not+applicable+beyond+the+classroom.+One+way+to+prepare+students+who+are+about+to+graduate+is+the+capstone+course%2C+which+often+focuses+on+real-life+problems+that+require+a+solution.+This+paper+is+an+experience+report+of+the+integration+of+the+NASA+SUITS+%28Spacesuit+User+Interface+Technologies+for+Students%29+Design+Challenge+into+an+IT+capstone+course.+The+success+of+this+initiative+prompted+a+revision+of+projects+associated+with+several+prerequisite+courses%2C+with+the+aim+of+engaging+students+early+on+into+a+complex+project+that+spans+over+multiple+technological+domains.',NULL,'Accepted',1,37,'L8AQBQEGQ4','Accepted'),
	(42,'Modular+Tasks+Design+for+Teaching+Young+Students+on+Physical+Computing+Platforms','Physical+computing+has+gained+popularity+as+a+hands-on+approach+to+introduce+computing.+Young+students+can+create+tangible+computing+artifacts+that+connect+across+the+curriculum+subjects+on+a+wide+range+of+kid-friendly+devices.+However%2C+physical+computing+can+place+a+higher+demand+on+cognitive+capacity+than+traditional+screen-based+environments+since+learning+involves+the+more+complex+tasks+of+programming+and+constructing+hardware+components+and+circuits.+In+this+paper%2C+we+present+an+instructional+design+approach+to+address+the+challenges+of+teaching+physical+computing+for+middle+school+students.+A+hands-on+project+is+modularized+into+tasks+that+isolate+the+software+or+hardware+workloads.+The+tasks+are+then+optimized+into+a+sequence+to+minimize+context+switches+between+programming+and+hardware+construction.+Students%27+individual+progress+over+a+task+sequence+is+monitored+by+group+and+peer+checkpoints.+We+conducted+a+preliminary+study+among+three+random+groups+of+grade+5-7+students+working+on+activities+of+different+levels+of+hardware+complexity.+The+results+indicate+that+our+modular+approach+help+students+maintain+a+positive+attitude+and+persist+over+difficulties+while+learning+complex+physical+computing+tasks.+',NULL,'Accepted',7,138,'7D43CW66PD','Accepted'),
	(43,'Merging+Sustainability+and+Technology%3A+Building+an+Urban+Indoor+Farm','A+vast+majority+of+degrees+in+Information+Technology+are+somewhat+insular%2C+and+students+are+often+not+exposed+to+other+domains+that+may+benefit+from+concepts+such+as+automation.+During+the+Spring+2019+semester+we+created+a+joint+course+where+IT+students+worked+alongside+Environmental+Sustainability+majors+in+creating+an+urban+indoor+farm.+The+results+were+encouraging+and+support+future+interdisciplinary+collaborations.',NULL,'Accepted',5,37,'BFIYC590MR','Accepted'),
	(44,'Challenges+and+Approaches+to+Teaching+Big+Data+Technologies+in+an+Information+Technology+Program+with+Non-traditional+Students','Teaching+Data+Science+to+traditional+CS+majors+presents+many+challenges+to+students%2C+faculty+and+the+supporting+infrastructure.+When+the+student+population+changes+from+Computer+Science+students+to+those+in+an+Information+Technology+program+where+many+of+the+core+CS+courses+are+not+required%2C+additional+challenges+arise.+Couple+these+challenges+with+teaching+non-traditional+students+who+are+also+involved+with+their+families+and+careers%3B+the+difficulty+in+teaching+this+material+rises+exponentially.+For+this+experiment%2C+we+chose+to+use+Hadoop+to+teach+these+concepts.++We+will+discuss+our+recent+experience+teaching+Data+Science+to+Information+Technology+students+and+the+challenges+we+had+to+overcome.+',NULL,'Accepted as a Lightning Talk',7,575,'VRHOJIM01C','Accepted as a Lightning Talk'),
	(45,'On+Including+the+Institutional+Review+Board+Process+in+Undergraduate+Information+Technology+Curricula','This+lightning+talk+has+the+goal+of+discussing+the+relationship+between+the+institutional+review+board+%28IRB%29+and+the+Information+Technology+%28IT%29+education+community+by+analyzing+the+benefits+that+our+IT+students%2C+and+community+in+general%2C+can+receive+from+a+systematic+exposure+to+the+IRB+process.+Indeed%2C+while+in+the+last+decade+many+IT+faculty+members+have+successfully+conducted+research+complying+with+required+IRB+supervision+and+some+members+have+formally+or+informally+embedded+some+IRB+processes+in+their+courses%2C+a+general+idea+on+which+role+the+IRB+process+should+have+in+IT+curricula+and+what+might+be+the+pros+and+cons+of+%28at+least+partially%29+embedding+it+in+the+curriculum+and+specific+IT+courses+need+definition+and%2For+refinement.+',NULL,'Accepted',5,450,'B382N25RD7','Accepted'),
	(46,'Integrating+Data+Science+into+a+General+Education+Information+Technology+Course','The+National+Academies+recommend+academic+institutions+foster+a+basic+understanding+of+data+science+in+all+undergraduates.+However%2C+data+science+education+is+not+currently+a+graduation+requirement+at+most+colleges+and+universities.+As+a+result%2C+many+graduates+lack+even+basic+knowledge+of+data+science.+To+address+the+shortfall%2C+academic+institutions+should+incorporate+introductory+data+science+into+general+education+courses.%0A%0AA+general+education+IT+course+provides+a+unique+opportunity+to+integrate+data+science+education.+Modules+covering+databases%2C+spreadsheets%2C+and+presentation+software%2C+already+present+in+many+survey+IT+courses%2C+teach+concepts+and+skills+needed+for+data+science.+As+a+result%2C+a+survey+IT+course+can+provide+comprehensive+introductory+data+science+education+by+adding+a+data+science+module+focused+on+modeling+and+evaluation%2C+two+key+steps+in+the+data+science+process.+The+module+should+use+data+science+software+for+application%2C+avoiding+the+complexities+of+programming+and+advanced+math%2C+while+enabling+an+emphasis+on+conceptual+understanding.+We+implemented+a+course+built+around+these+ideas+and+found+that+the+course+helps+develop+data+savvy+in+students.',NULL,'Accepted',7,649,'MZASHAK78P','Accepted'),
	(47,'PROF%3A+An+Assistive+Tool+for+Educators+to+Semi-Autonomously+Create+Topic+Maps+and+Skill+Trees','Online+learning+environments+in+which+students+choose+specific+topics+they+study+are+becoming+increasingly+popular.+In+this+type+of+educational+environment+a+Topic+Map+%28TM%29%2C+which+provides+course+structure+by+linking+topics+to+content%2C+is+vital+in+guiding+users+on+their+educational+paths.+Creating+these+manually+is+time+consuming+and+requires+subject+matter+expertise+on+the+domain.+Some+research+has+previously+developed+tools+for+the+automatic+creation+of+TMs%2C+but+there+are+limitations+to+each+such+as+cost%2C+coupling+ability%2C+importation%2C+and+visualization+abilities.+Other+research+has+been+done+to+explore+the+impact+of+knowledge%2C+skills%2C+and+abilities+trees+%28KSAT%29+on+a+student%27s+learning+outcome+to+provide+specific+paths+students+can+follow+to+learn+a+specific+skillset.+Transitioning+from+unorganized+TMs+to+structured+KSATs+is+the+fundamental+methodology+educators+follow+to+develop+clear+learning+paths+and+education+assessments+for+students%3B+this+is+a+time+consuming+process.+This+paper+introduces+the+Pedagogical+Resource+Organization+Framework+%28PROF%29%2C+which+takes+content+from+a+current+course%2C+creates+a+TM%2C+then+transforms+this+TM+into+a+KSAT.+We+evaluated+PROF+against+a+graduate+level+course+and+compared+the+resulting+KSAT+to+a+manually+created+KSAT+for+the+same+course+to+measure+its+effectiveness.+The+results+showed+the+semi-automatic+creation+tool%2C+with+less+than+one+working+hour+subject+matter+expert+%28SME%29+input%2C+produced+a+TM+containing+over+36%25+exact+matches+and+over+93%25+adjusted+matches+to+the+SME-created+TM.+PROF+also+produced+a+KSAT+for+the+course+using+nodes+from+the+TM+for+educators+to+align+learning+objectives+with+course+readings.',NULL,'Accepted as a Lightning Talk',7,654,'ZCT4AZOEB1','Accepted as a Lightning Talk'),
	(48,'Enhancing+the+Program+Quality+and+College-Level+Success+Metrics+of+an+IT+Program+at+a+Large+Public+University','Student+success+is+a+widely+discussed+and+studied+topic+in+higher+education.+Colleges+and+universities+have+been+using+college-level+success+metrics+%28time+to+degree%2C+graduation%2C+and+retention+rates%29+to+measure+student+success.+There+are+multiple+factors+that+affect+student+success.+Our+previous+study+found+that+non-accredited+Information+Technology+%28IT%29+program+within+the+Department+of+Computer+Science+and+the+way+IT+and+Computer+Science+%28CS%29+programs+were+established+within+the+department+and+the+resulting+social+comparisons+were+one+among+many+factors+that+had+a+negative+consequence+on+IT+students%E2%80%99+success.+However%2C+the+IT+program+at+the+targeted+university+received+accreditation+from+the+Accreditation+Board+for+Engineering+and+Technology+%28ABET%29+in+2013%2C+and+since+then%2C+many+changes+were+made+in+the+program.+In+this+paper%2C+we+examine+student+data+from+IT+undergraduate+program+at+a+large+public+university+to+identify+who+started+the+program+in+Spring+2014+and+Fall+2014+semesters+and+dropped+out%2C+changed+their+major+or+successfully+completed+the+program+by+Fall+2017.+We+also+conducted+a+network+analysis+of+the+IT+program+curriculum+to+determine+courses+that+were+causing+difficulty+for+students+to+continue+in+the+program.+Our+results+suggest+that+there+is+no+significant+improvement+in+college-level+student+success+metrics+since+ABET+accreditation.+We+conclude+that+IT+programs+in+higher+education+institutions+need+to+take+additional+program+improvement+measures+that+are+student-centered+to+improve+students%E2%80%99+course+passing+rate.+Based+on+our+analyses%2C+we+propose+necessary+measures+to+improve+both+college-level+success+metrics+and+program+quality.',NULL,'Accepted',7,316,'TF2CNRBX2I','Accepted'),
	(49,'Using+Virtual+Machines+to+Enhance+the+Educational+Experience+in+an+Introductory+Computing+Course','This+paper+describes+and+evaluates+the+use+of+virtual+machines+%28VMs%29+in+an+introductory+computing+course+to+simplify+the+installation+of+required+software+and+reinforce+student+understanding+of+client-server+networks+and+applications.++The+impact+of+VMs+was+assessed+by+tracking+the+change+in+software+installation+and+troubleshooting+time+and+student+performance+across+two+academic+years+and+ten+classrooms.++The+results+indicate+that+the+use+of+VMs+improved+classroom+efficiency%2C+increased+instruction+time+previously+lost+to+software+installation%2C+and+sustained+or+improved+student+performance+on+critical+events.+Additionally%2C+the+students+had+greater+success+building+web+applications+on+the+VMs+that+both+they+and+their+instructors+could+view+both+source+code+and+the+running+application.',NULL,'Accepted',1,595,'YBP76UVHOV','Accepted'),
	(50,'Dropout+vs.+Time+to+Degree%3A+The+Existing+Tension+between+Retaining+and+Graduating+%E2%80%98At-Risk%E2%80%99+Students+in+a+Timely+Manner+','Students%E2%80%99+dropout+and+delayed+graduation+have+been+serious+issues+in+higher+education.+Especially%2C+the+dropout+rates+are+high%2C+and+time-to-graduation+is+longer+than+usual+in+computing+programs.+Higher+education+institutions+are+under+pressure+to+retain+at-risk+students+and+helping+them+to+graduate+in+a+timely+manner.+In+this+work%2C+we+show+the+need+for+flexibility+in+terms+of+recommending+courses+and+offering+additional+classes+%28or+sessions%29+to+retain+and+graduate+at-risk+students.',NULL,'Accepted',4,316,'EEI0BSIW4Y','Accepted'),
	(51,'Project+Design+and+Implementation+for+Digital+Forensics+Education','As+with+other+disciplines+in+cybersecurity%2C+hands-on+activities+are+an+important+component+in+digital+forensics+education+to+help+students+gain+better+understanding+of+basic+concepts+and+knowledge+presented+in+class+lectures.+While+these+lab+activities+are+helpful+for+students+to+learn+how+to+use+software+and+hardware+forensic+tools%2C+it+is+hard+to+help+students+gain+problem-solving+and+analytic+skills+and+other+experiences+that+are+needed+to+conduct+digital+forensic+investigation+in+real-world.%0A%0AIn+our+digital+forensics+courses%2C+we+have+been+using+course+projects+as+a+means+to+help+students+develop+their+skills+for+identifying%2C+locating%2C+preserving%2C+recovering%2C+examining%2C+analyzing+and+presenting+electronic+evidence+associated+with+a+case+of+digital+forensic+investigation.+Student%27s+feedback+is+positive+and+the+educational+outcome+is+promising.+In+this+paper%2C+we+present+the+idea+to+design+and+implement+a+course+project+to+achieve+associated+educational+objectives+for+a+digital+forensics+course.+Example+projects+finished+by+students+are+introduced+to+show+the+major+activities+to+complete+a+project.+Experience%2C+lessons+and+feedback+from+students+are+discussed.+Our+results+will+provide+a+point+of+reference+for+those+who+teach+a+digital+forensics+course+at+a+college+or+university%2C+or+are+developing+a+digital+forensic+curriculum.',NULL,'Accepted',1,638,'B2DOZ4PQQY','Accepted'),
	(52,'Practice+What+You+Preach+-+Building+a+Capstone+Management+System+as+Undergraduate+IT+Capstone+Projects','While+a+capstone+experience+is+an+important+part+of+the+IT+curriculum%2C+effectively+managing+a+large+number+of+student+projects+can+be+a+challenging+task+for+a+capstone+instructor.+This+paper+describes+the+authors%E2%80%99+approach+in+building+a+capstone+management+system+%28CMS%29+as+a+list+of+software+development+projects+for+an+undergraduate+capstone+class.+The+authors+present+their+experiences+in+all+aspects+of+system+development+life+cycle+such+as+planning%2C+analysis%2C+design%2C+implementation%2C+as+well+as+project+management+and+student+team+dynamics.+The+lessons+learned+from+this+endeavor+may+inspire+other+capstone+instructors+in+the+IT+field+or+the+general+computing+disciplines+to+build+similar+systems+to+manage+their+capstone+projects+while+avoiding+some+of+the+pitfalls+that+the+authors+encountered.',NULL,'Accepted',1,550,'F39VGXIW2C','Accepted'),
	(53,'Proposal+and+Evaluation+of+a+Security+Incident+Response+Training+Method+using+Programming','We+propose+a+security+incident+response+training+method+using+programming+contents.+This+training+program+aims+to+recognize+participant+importance+of+dealing+with+problems+calmly+and+preparing+for+various+kinds+of+security+incidents+and+cyber-attacks.+We+actually+conduct+this+training+program+with+questionnaires+and+analyze+its+result.%0ANowadays%2C+there+are+various+cyber-attacks+in+the+world.+In+terms+of+dealing+with+cyber+incident%2C+growing+not+only+technical+skills+of+cyber+security+but+also+non-technical+skills+are+also+important+factors.+As+some+way+of+training+non-technical+skills%2C+training%2C+Table+Top+Exercises+and+testing+are+available.+But+existing+approach+needs+some+funds%2C+times+and+trainers+who+conduct+these+training+more+smoothly.+Final+objective+of+this+research+is+to+solve+these+problems+without+reducing+learning+efficiency.',NULL,'Accepted as a Poster',7,646,'R5LHIMPYJ0','Accepted as a Poster'),
	(54,'Tips+for+Using+Open+Educational+Resources+to+Reduce+Textbook+Costs+in+IT+Courses','In+this+paper%2C+we+describe+tips+for+employing+open+educational+resources+%28OERs%29+to+reduce+and+most+often+eliminate+textbook+costs+in+IT+courses.++These+techniques+and+resources+have+been+mined+from+our+fifteen+years+of+experience+of+including+OERs+in+our+IT+online+and+face-to-face+courses+at+both+the+undergraduate+and+graduate+level.+In+addition+to+describing+them%2C+we+provide+our+outcomes+and+implementation+advice+for+OERs.+',NULL,'Accepted as a Lightning Talk',1,450,'X72NYAG8NN','Accepted as a Lightning Talk'),
	(55,'Development+of+a+Configuration+Management+Course+for+Operations+Students','ABSTRACT%3A+%0AThe+Operations+side+of+deploying+a+modern+computing+application+necessarily+involves+multiple+groups+working+in+concert+to+develop+the+application+and+the+server+side+configuration+that+will+support+that+application.++This+paper+reports+on+efforts+to+develop+a+course+that+encourages+students+to+dig+into+issues+related+to+configuration+management%2C+security+policy+development%2C+application+auditing%2C+business+control+issues%2C+and+most+importantly%2C+team+work.++While+the+course+is+entitled+%E2%80%9CConfiguration+Management%E2%80%9D+it+is+much+more+about+students+creating+a+process+for+secure+iterative+application+deployment+that+borrows+extensively+from+the+DevOps+movement.%0A%0AAnsible%2C+our+chosen+configuration+management+tool%2C+is+relatively+easy+to+work+with+at+the+level+of+complexity+that+can+be+reached+in+an+undergraduate+class.++What+made+this+class+different+was+the+attempt+made+to+create+a+process+that+would+more+closely+mimic+the+Operations+side+of+a+DevOps+workflow.++Initial+results+from+the+class+were+encouraging+and+many+lessons+were+learned.%0A',NULL,'Accepted as a Lightning Talk',1,666,'LFFI602IAL','Accepted as a Lightning Talk'),
	(56,'MySecurityLab%3A+A+Tool+for+Teaching+and+Learning+Quantitative+Assessments+of+Security+Risks++','Cybersecurity+and+information+technology+students+need+to+learn+the+formal+models+and+methods+of+security+risk+assessments.+++What+are+the+principles+of+security+risk+assessments%3F+How+is+the+national+standard+of+security+risk+assessment+and+compliance+defined%3F+What+set+of+security+risk+assessment+should+student+learn+and+how%3F+What+kinds+of+case-based+projects+should+be+designed+to+promote+learning+of+security+risk+assessment+skills%3F+This+enlightening+talk+discusses+these+and+other+questions.+The+presentation+provides+a+demonstration+of+practical+hands-on+case-based+projects+for+teaching+and+learning+security+risk+assessments.+',NULL,'Accepted',5,159,'EMEW3MWGUN','Accepted'),
	(57,'Teamwork+online%3A++Learning+from+the+experience','The+ability+to+work+in+teams+is+valued+in+the+real+world%2C+and+we+reflect+that+in+the+emphasis+on+teamwork+skills+in+our+curriculum.+This+paper+will+explore+how+reflection+on+their+own+team+experiences+can+enhance+their+future+skills+in+teamwork.+',NULL,'Accepted',5,154,'1Y6V448DRI','Accepted'),
	(58,'Integrating+Blockchain+Technology+into+Healthcare','Blockchain+technique+acts+like+fundamental+for+an+internet+peer-to-peer+network+based+on+exchanges+and+transactions.+It+uses+cryptography+to+facilitate+exchange+and+transaction+of+values+and+goods+over+the+network.+Healthcare+is+a+progressive+industry+in+the+US%2C+the+government+has+forced+the+healthcare+providers%2C+insurance+companies+to+utilize+the+system+developed+by+the+rules.+Blockchain+owns+functionalities+like+immutability%2C+decentralization%2C+and+transparency.+Healthcare+industry+includes+issues+which+can+be+addressed+to+if+the+integration+of+blockchain+is+implemented.+The+implementation+of+the+Health+Insurance+Portability+and+Accountability+Act+%28HIPPA%29+in+1996+made+difficult+for+software+vendors+to+manage+the+documents+and+records+of+the+patients.+This+paper+tied+to+utilize+the+blockchain+techniques+into+the+healthcare+industry+to+keep+all+the+records+and+transaction+safe%2C+secure+and+reducing+user+data+breaches.+The+project+focuses+on+these+issues+of+the+healthcare+and+insurance+industry.+We+implemented+the+Ethereum+Smart+Contract%2C+an+extended+part+of+the+blockchain+to+provide+a+profitable+and+gainful+solution.++',NULL,'Rejected',7,405,'DAB4EA7SP9','Rejected'),
	(59,'Data+Analytics+in+Google+Mobile+Education+Apps','The+impact+of+mobile+network+has+created+its+great+impact+on+today%E2%80%99s+generation%2C+from+smart+phones+to+online+education.+It+is+termed+as+a+means+of+information+and+knowledge+for+today%E2%80%99s+youth.+Education%2C+as+the+foundation+of+most+of+all+the+changes+in+this+century%2C+involves+development+and+changes.+With+all+the+help+from+the+traditional+education+channels%2C+the+new+generation+also+attempts+many+innovative+ways+to+utilize+the+technologies+for+education%3A+online+and+mobile+education.+Schools+and+colleges+have+started+providing+education+using+mobile+ways.+This+brings+teachers+and+students+to+share+knowledge+and+learn+using+the+same+platform+in+innovative+ways.+Leading+software+providers+like+Google%2C+Apple%2C+and+Microsoft+have+introduced+various+Education+oriented+applications.+In+this+paper%2C+we+utilize+a+data+analytic+method+to+study+the+development+and+the+trend+of+one+of+the+largest+mobile+apps+market+%E2%80%93+Google+Play%2C+offered+by+Google+in+the+education+app+category.+With+different+data+mining+and+text+analysis+methods%2C+we+reported+our+study+results+of+this+analysis%2C+and+hopefully+to+provide+some+reference+for+the+mobile+education+market+from+this+analytics+window.++',NULL,'Rejected',5,405,'4SZHTYFOO2','Rejected'),
	(60,'Are+We+Ready+for+a+VR+Classroom%3F+A+Review+of+Current+Designs+and+a+Vision+of+Future+Virtual+Reality+Classrooms','With+the+advance+of+head-mounted+virtual+reality+technology+and+their+lower+cost%2C+it+is+foreseeable+that+an+online+course+can+be+delivered+in+a+virtual+reality+%28VR%29+classroom.+This+paper+introduces+head-mounted+VR+technology%2C+discusses+the+current+designs+of+VR+applications%2C+and+depicts+a+vision+of+future+VR+classrooms.',NULL,'Accepted',5,233,'2THVE8I4SZ','Accepted'),
	(61,'Untampered+Electronic+Voting+in+Entertainment+Industry%3A+a+Blockchain-based+Implementation','Digital+services+are+gaining+new+meaning+with+the+invention+of+Blockchain+technology.+While+Blockchain+still+has+a+long+way+to+go%2C+it+has+gained+great+expertise+in+the+technical+and+legal+aspect+of+the+digital+services.+Digital+services+work+well+in+terms+of+functionality+without+the+involvement+of+Blockchain%2C+but+there+is+always+a+risk+of+privacy+and+security+which+mostly+remains+unanswered.+Technologies+leveraged+through+Blockchain+system+are+secure+as+well+as+maintain+anonymity+of+all+the+members+involved.+In+this+paper%2C+we+are+leveraging+a+blockchain+based+system+to+implement+a+new+electronic+voting+system+to+cast%2C+transport+and+count+votes+for+singing+competitions+held+on+national+televisions.+The+chance+of+having+a+fair+and+transparent+voting+system+increases+with+the+involvement+of+Blockchain+based+electronic+voting+services.+The+number+of+voters+also+increases+due+to+having+a+chance+to+experience+a+transparent+system.+',NULL,'Submitted',7,405,'BM2WYGCNN4','Accepted as a Poster'),
	(62,'Data-driven+Analytics%3A+A+Case+Study+of+Education+Branding','The+size+of+data+over+the+Internet+is+humongous+and+at+the+same+time+wide+spread.+Information+concerning+any+topic+in+the+world+is+just+a+click+away+with+the+invention+of+the+Internet+and+the+various+applications+hosted+over+it.+In+this+paper%2C+we+reported+our+study+on+two+major+target+channels+for+fetching+information+are+social+media+and+search+engine.+Social+media+has+thrived+with+the+invention+of+umpteen+number+of+applications+such+as+Facebook%2C+Instagram%2C+Snapchat%2C+and%2C+Myspace%2C+etc.+At+the+initial+stage%2C+social+media+was+mostly+conceptualized+as+a+mode+of+entertainment+but+with+the+growth+of+the+technological+industry%2C+the+features+provided+by+social+media+are+endless.+In+this+study%2C+we+focus+on+Instagram+one+of+the+leading+social+media+application+popularly+termed+as+a+photo+sharing+application+but+is+capable+of+doing+much+more+than+that.+Google+search+engine+enables+the+user+to+research+and+finds+data+from+the+comfort+of+their+home%2C+Google+Trends+is+the+leading+analytical+browser+launched+by+google+to+keep+track+of+the+search+results+and+notify+about+the+latest+trends+to+the+marketers.+Through+this+case+study%2C+we+leverage+the+data+results+gathered+from+Instagram+and+Google+Trends+to+understand+the+latest+branding+technique+popular+in+the+market.+The+trend+of+branding+was+initiated+with+the+invention+of+these+platforms.+There+are+various+types+of+brandings+introduced+every+month+like+retail+branding%2C+fashion+branding%2C+and%2C+fitness+branding%2C+etc.+In+this+case+study%2C+we+comprehensively+leverage+the+social+media+and+search+engine+for+social+analytics.+We+bring+a+case+study+in+Education+Branding+to+provide+insight+for+social+analytics+as+well+as+the+education+institution+and+organizations.',NULL,'Rejected',5,405,'MH8R5RP0D1','Rejected'),
	(63,'Modeling+Filipino+Academic+Affect+during+Online+Examination+using+Machine+Learning','The+learning+environment+comprised+of+emotional+and+cognitive+activities.++Literature+and+practice+support+that+there+is+a+need+to+incorporate+the+measurement+of+student+affect+during+the+learning+assessment+to+identify+student+engagement.+The+learning+engagement+in+most+studies+is+focused+on+identifying+learner+affect+during+class+discussion+and+content+delivery.+This+study+measured+academic+affect+during+assessment+and+developed+an+online+examination+multi-modal+academic+affect+model.++The+multi-modal+affect+model+referred+to+the+students%27+facial+expressions+and+head+pose+gestures+as+they+took+and+answered+the+online+exam.++Using+thematic+analysis+and+expert+opinion%2C+the+study+generated+the+presence+of+the+following+academic+affect%3A+relaxed%2C+curious%2C+bored%2C+frustrated%2C+and+distracted.+The+academic+affect+were+correctly+annotated+with+a+computed+interrater+kappa+value+of+0.62.+Annotation+by+the+coders+was+mapped+with+the+features+extracted+from+a+behavior+analysis+toolkit+that+produced+the+Filipino+Online+Examination+Multi-Modal+Affect+Dataset.++The+model+yielded+an+accuracy+of+92.66%25',NULL,'Accepted as a Poster',7,617,'Q5OIQ1T1G0','Accepted as a Poster'),
	(64,'Panel%3A+Transfer+Students','Many+students+transfer+into+BSIT+degree+programs+either+from+community+colleges+or+from+other+4-year+institutions.++These+students+have+more+varied+academic+background+and+work+experience+and+this+creates+different+considerations+for+their+academic+programs.+This+panel+will+address+issues+and+challenges+related+to+ensuring+success+of+transfer+students+in+undergraduate+Information+Technology+programs.',NULL,'Accepted',2,365,'ZDAVE9MOGQ','Accepted'),
	(65,'Case+Study%3A+The+evolution+of+an+IT+Program+in+a+Research+University','This+paper+describes+the+journey+of+an+IT+program+in+a+mid-west+large+research+university+%2844%2C000%2B+students%29.+For+the+past+seventeen+year%2C+the+program+grew+from+nonexistence+to+the+largest+computing+program+on+campus+and+the+seventh+largest+overall.+The+undergraduate+program+evolved+into+an+academic+unit+that+later+added+a+Master%E2%80%99s+program+and+most+recently+a+PhD+program+in+Information+Technology.+The+paper+documents+the+evolution+as+a+case+study+on+IT+program+implementation%2C+accreditation%2C+ranking%2C+keeping+up+with+the+evolving+IT+landscape%2C+developing+graduate+programs+in+IT%2C+articulating+the+role+of+the+IT+discipline+to+stakeholders%2C+defining+the+IT+research+space%2C+managing+change%2C+and+securing+internal+and+external+funding.+In+addition%2C+the+paper+will+describe+key+initiatives+that+are+now+positioning+the+program+to+regional%2C+state%2C+a+possibly+national+leadership.+Finally%2C+the+paper+provides+lessons+learned%2C+strategies%2C+and+recommendations.',NULL,'Accepted',1,688,'1MP0HAPP7G','Accepted'),
	(66,'Adapting+the+IT2017+Curricula+for+Two-Year+Transfer+Programs%3A+Determining+the+Optimal+Level+of+Curricular+Guidance','Effective+coordination+between+IT+transfer+programs+at+two-year+colleges+and+four-year+transfer+institutions+is+desirable+to+minimize+repetition+of+content+coverage+and+to+allow+two-year+programs+to+properly+prepare+their+students+for+transfer+while+having+them+achieve+some+of+the+IT2017+competencies.+Curriculum+guidance+for+two-year+IT+Transfer+programs+needs+to+accommodate+a+variety+of+local+requirements+while+also+giving+two-year+programs+the+flexibility+to+effectively+collaborate+with+their+four-year+transfer+partners.+The+ACM+CCECC+and+its+IT+Transfer+Task+Force+%28ITTTF%29+are+creating+Information+Technology+Transfer+Curricula+2019+guidance+%28IT+Transfer%29+for+two-year+transfer+programs%2C+and+their+work+would+benefit+from+further+IT+community+input+on+the+classification+of+essential+and+supplemental+competencies%2C+and+on+the+impact+of+the+guidance+document%E2%80%99s+degree+of+flexibility+on+the+IT+discipline+as+a+whole.',NULL,'Accepted',2,689,'UPSZRC62AY','Accepted'),
	(67,'The+Effects+of+Surface+Diversity+Compared+to+Deep+Level+Diversity','Diversity%E2%80%99s+contribution+to+performance+in+generating+unique+ideas+is+difficult+to+parse+out.+This+is+due+to+the+difficulty+associated+with+separating+deep-level+diversity+from+surface-level+diversity.+The+purpose+of+this+study+is+to+use+virtual+models+and+voice+modulation+to+disguise+surface-level+diversity+and+see+if+deep-level+diversity+still+impacts+generation+of+ideas.+',NULL,'Accepted',4,691,'QZ3NB735KR','Accepted'),
	(68,'Improving+the+Cybersecurity+and+Information+Assurance+Pipeline%3A+Impact+of+High+School+After-School+Program','Over+a+two+year+period%2C+Some+College+faculty+participated+in+an%0ANSF+funded+grant+to+extend+the+cybersecurity+pipeline+%5B1%5D+into+the%0Ahigh+schools+by+delivering+cybersecurity+concepts+in+an+after+school%0Aprogram+where+students+to+earn+college+credit.+This+poster+explores%0Athe+profile+of+incoming+students+and+the+impact+of+the+program.',NULL,'Accepted',4,247,'9ZIV1J9BP9','Accepted'),
	(69,'Tempting+High+School+Students+into+Cybersecurity+with+a+Slice+of+Raspberry+Pi','Improving+the+Pipeline+is+an+NSF+grant+project+to+extend+the+Information+Assurance+and+Cybersecurity+pipeline+into+the+high+school+environment+by+offering+an+after-school+for+college+credit+course+to+students.++This+paper+discusses+the+use+of+an+isolated+and+portable+Raspberry+Pi+network+within+the+course.',NULL,'Accepted as a Lightning Talk',1,247,'R6QEITUO0N','Accepted as a Lightning Talk'),
	(70,'Wordy%3A+Interactive+Word+Cloud+to+Summarize+and+Browse+Online+Videos+for+eLearning','In+this+paper%2C+we+describe+our+Wordy+system%2C+which+creates+a+word+cloud+based+on+video+content+and+allows+users+to+summarize+and+search+for+video+content+using+the+word+cloud.+We+focus+on+lecture+videos%3A+converting+speech+information+from+the+videos+into+text%2C+extracting+keywords+from+videos+through+morphological+analysis%2C+and+creating+a+word+cloud+comprised+of+those+keywords.+In+addition%2C+the+keywords+in+the+word+cloud+are+selectable.+When+a+user+selects+a+keyword%2C+the+system+will+find+several+points+of+the+video+in+which+a+teacher+talks+about+the+keyword%3B+the+system+then+generates+a+relevant+list+of+thumbnails.+In+order+to+save+time+for+the+user%2C+the+system+offers+a+digest+playback+mode+that+consecutively+browses+the+scenes+concerned+with+the+keywords.+Herein%2C+we+describe+our+concept+and+the+implementation+of+the+prototype+system.++',NULL,'Accepted as a Lightning Talk',7,692,'T3H3W2NZBP','Accepted as a Lightning Talk'),
	(71,'Blending+robotics%2C+curricular+activities%2C+and+software+engineering+principles+in+middle+schools','K-12+education+aims+at+preparing+students+for+the+current+labor+market%2C+where+a+large+number+of+people+engage+in+programming+activities%2C+even+without+being+trained+developers.+Fostering+Software+Engineering+%28SE%29+principles+in+K-12+can+increase+the+quality+of+the+code+that+students+will+write+in+their+future+career.+In+middle+schools%2C+Computer+Science+%28CS%29+is+usually+taught+as+part+of+other+disciplines%2C+thus+the+challenge+is+fostering+SE+principles+while+guaranteeing+the+achievement+of+the+existing+curricular+learning+objectives.+We+describe+a+didactic+module+and+an+assessment+framework+to+this+purpose%2C+and+report+the+results+of+a+classroom+experience+%28involving+11+middle+school+first-year+students%29+that+show+the+effectiveness+of+the+proposed+approach.+These+results+encourage+us+to+work+on+the+development+of+the+next+modules+in+the+progression+dedicated+to+middle+schools%2C+and+to+perform+new+experiments+to+check+if+these+modules+support+students+towards+the+achievement+of+the+middle+school+final+objectives.',NULL,'Accepted as a Poster',7,112,'54N097RM29','Accepted as a Poster'),
	(72,'IT+meets+CS%3A+An+international+comparison+of++++++curricula','It+is+recognized+that+Information+Technology+%28IT%29+requires+many+competencies+covering+a+wide+range+of+domains+exhibiting+an+impressive+changing+rate.+The+paper+report+an+experience+that+by+leveraging+on+mandatory+curricula+in+England%2C+national+guidelines+in+Italy%2C+frameworks+from+ACM+and+Computer+Science+Teacher+association+and+CISCO+professional+curricula%2C+propose+a+learning+trajectory+%28LT%29+aiming+at+developing+competencies+in++Database%2C+Web+development%2C+Human-Computer+Interfaces%2C+networking%2C+cybersecurity+and+Project+Management+that+leveraging+on+an+emphasis+in+design+tools+have+the+flexibility+to+adapt+to+the+fast+content+change.+Indication+of+minimum%2C+advanced+and+elective+competencies+allows+serving+students+with+different+needs.+Interdisciplinary+projects+experiences+and+various+progression+paths+allow+the+LT+trajectory+to+be+used+for+pre-service+formation+and+in-service+teacher+professional+development+and+for+undergraduate+studies.+The+main+lesson+learned+from+those+experiences+will+be+discussed.',NULL,NULL,1,661,'5WMR86M3HW',NULL),
	(73,'Resources+for+Improving+the+Cybersecurity+Pipeline','Improving+the+Pipeline+is+a+capacity-building+NSF+funded+project%0Ato+increase+the+number+of+Information+Assurance+and+Cyber+Defense%0A%28IA%2FCD%29+professionals.+The+project+developed+course+materials%0Afor+an+after-school+for+college+credit+program+for+high+school+students.%0ACourse+materials+created+for+this+grant+are+freely+available%0Afor+download.+This+paper+discusses+how+to+access+the+materials.',NULL,'Accepted',5,247,'CIAO9I2R69','Accepted'),
	(75,'How+Selective+True-False+Questions+Reward+Student+Recognition','True+and+False+%28T%2FF%29+questions+seldom+undergo+research+in+computer+science+education%3B+hence%2C+there+exists+little+to+document+improvements+to+T%2FF+questions+in+CSE.+We+analyze+the+effects+of+Selective+True+and+False+%28STF%29+questions.+In+STF%2C+the+student+answers+a+subset+of+the+question+pool%2C+rather+than+answering+all+of+it.+Students+choose+questions+they+believe+they+can+answer%2C+and+avoid+questions+which+they+deem+difficult.+Therefore%2C+an+intelligent+selection+of+questions+leads+to+a+lower+probability+of+guessing.+This+in+turn+rewards+students+with+knowledge+%28as+it+allows+them+to+recognize+easier%2Fharder+problems%29+while+remaining+indifferent+to+students+with+total+ignorance.+In+other+words%2C+STF+lessens+the+probability+of+a+weaker+student+achieving+a+higher+grade+than+a+stronger+student+via+guessing.+Our+data+suggests+that+stronger+students+are+able+to+recognize+and+answer+questions+with+success+%28achieve+a+score+in+the+top+half+of+the+class%29.+Explicitly%2C+the+number+of+times+a+question+is+selected+versus+student+success+among+students+which+selected+that+question+has+a+correlation+of+0.73.+Furthermore%2C+examining+the+success+of+the+student%27s+particular+set+of+selected+questions+rather+than+the+success+of+the+student+themselves%2C+one+finds+an+even+stronger+correlation+versus+the+number+of+times+a+question+is+selected%2C+i.e.+a+correlation+of+0.99.',NULL,'Accepted as a Lightning Talk',7,618,'ONKU00BBGC','Accepted as a Lightning Talk'),
	(76,'Technology+Acceptance+Model+Revisited+--Toward+a+Framework+of+Integrated+Information+Technology+Evaluation+Model','With+the+explosion+of+information+technology+%28IT%29+and+IT+business+in+the+last+few+decades%2C+it+is+more+and+more+complex+and+complicated+for+IT+management+staff+to+choose+a+right+solution+to+meet+the+computing+need+of+an+organization.+There+could+be+multiple+technical+solutions+for+a+single+demand+and+a+number+of+different+IT+products+for+each+solution.+It+is+usually+a+big+burden+for+an+IT+group+to+assess+and+compare+them+quantitatively+and+comprehensively+to+make+the+decision+on+which+one+is+a+better+fit.+This+is+because+multiple+factors+will+affect+the+actual+adoption+of+an+information+technology+or+IT+product.+In+addition%2C+it+is+hard+to+find+a+commonly+accepted+guideline+to+carry+out+such+an+assessment.+Furthermore%2C+this+circumstance+brings+a+challenge+for+educators+who+teach+IT+management.+It+is+not+quite+clear+about+the+general+guideline+for+assessing+information+technology+and+IT+product+quantitatively+and+comprehensively.%0A%0AWe+propose+a+framework+of+an+integrated+model+that+can+be+used+to+comprehensively+and+quantitatively+assess+and+compare+IT+products%2C+information+technologies+and+IT+solutions.+We+assume+that+the+adoption+of+a+solution%2C+a+technology+or+an+IT+product+by+an+institute+is+affected+by+the+willingness+of+a+user+to+use+it%2C+the+total+cost+to+own+it+and+its+environmental+influence.+This+framework%2C+referred+as+ACE+index+model+or+User+Adoption+Model+%28UAM%29%2C+integrates+the+index+of+user+acceptance%2C+the+index+of+total+cost+and+the+index+of+side+effect.+Ways+to+estimate+these+indices+are+outlined.+Approaches+to+aggregating+these+three+independent+indices+are+discussed+along+with+their+advantages+and+drawbacks.+A+case+study+is+presented+to+demonstrate+the+use+of+the+proposed+ACE+index+model.+We+hope+the+result+will+serve+as+a+good+reference+for+IT+management+staff+to+quantitatively+assess+and+compare+different+information+technologies%2C+IT+products+or+IT+solutions+to+make+a+final+decision+for+their+organization.+This+model+can+also+be+useful+for+relevant+industry+to+optimize+their+product+and+make+targeted+improvement.+Additionally%2C+the+idea+will+be+helpful+for+those+who+teach+IT+management+to+regulate+a+general+guideline+for+quantitative+evaluation+of+IT+product.',NULL,'Accepted as a Poster',1,638,'CFF943AQZ3','Accepted as a Poster'),
	(77,'Project-Based+Learning+Improves+Critical+Thinking+for+Software+Development+Students','In+the+software+development+%28SD%29+track+of+information+technology+majors%2C+upper-level+SD+courses+are+designed+to+combine+students%27+accumulated+programming+knowledge+to+develop+software+applications%2C+reaching+their+ultimate+goal.+Usually%2C+instructors+in+SD+courses+train+students+with+predefined+problems+having+known+solutions.+Instructors+aim+to+maximize+student+success+and+sense+of+achievement%2C+but+students+lose+motivation+when+they+realize+projects+are+trivial.+Students+practice+problem+solving+by+utilizing+previously-learned+knowledge+and+skills+but+they+are+not+required+to+use+critical+thinking%2C+creativity%2C+or+research.+As+an+alternative%2C+we+present+a+method+to+assign+students+novel+real-world+projects%2C+proposed+by+external+clients+who+direct+the+development+of+the+respective+software+product.+Our+hypothesis+is+that+our+real-world+project-based+approach+improves+STEM+competencies+for+critical+thinking%2C+problem+solving%2C+and+software+engineering+skills.+Furthermore%2C+we+expect+increases+in+student+motivation+and+engagement+that+may+result+in+a+bigger+sense+of+achievement.+In+two+sections+of+the+senior+level+undergraduate+Software+Development+2+course%2C+we+assessed+critical+thinking+skills+using+the+CAT+%28Critical+Thinking+Assessment+Test%29%2C+a+standard+instrument+developed+by+the+Tennessee+Tech+University%2C+and+found+a+significant+increase+between+the+beginning+and+end+of+the+semester.+Our+results+suggest+that+the+project-based+approach+to+teaching+software+development+increases+general+critical+thinking+skills%2C+but+its+effectiveness+can+be+further+scrutinized.+In+the+future%2C+we+would+like+to+provide+critical+thinking+exercises+more+specific+to+software+development%2C+and+also+develop+assessment+tools+for+problem+solving+skills+and+computing+attitudes.',NULL,'Accepted as a Lightning Talk',1,701,'0P9OHJVTJQ','Accepted as a Lightning Talk'),
	(78,'Balancing+Theory+and+Practice+in+IT+Curriculum%3A+New+Challenges+and+Solutions','Undergraduate+and+graduate+students+in+information+technology+need+a+balance+between+theory+and+practice+to+be+prepared+and+ready+for+the+workforce+and+long-life+self-learning.+What+are+the+core+IT+principles+students+from+developing+countries+should+learn%3F++How+are+the+undergraduate+and+graduate+information+technology+curricular+and+training+requirements+different+between+US+and+other+developing+countries%3F+This+enlightening+talk+discusses+the+differences+in+the+graduate+and+undergraduate+IT+training+requirements+between+US+and+developing+countries.+',NULL,'Accepted',5,159,'M9I4VELFF2','Accepted'),
	(79,NULL,NULL,NULL,NULL,5,705,'QYV4HGBICP',NULL),
	(80,'A+Comparison+of+Tools+for+Teaching+and+Learning+Data+Analytics','Data+analytics+have+become+popular+in+real-world+practice%2C+due+to+the+fact+that+the+corresponding+techniques+are+useful+in+understanding+data%2C+discovering+patterns+and+building+predictive+models.+Several+curricula+related+to+data+analytics+have+been+developed+in+worldwide+Universities+or+colleges.+As+a+practical+curriculum%2C+it+is+important+to+teach+necessary+and+useful+tools+or+software+for+students+to+better+learn+data+analytics.+However%2C+there+could+be+several+potential+choices+on+the+market.+In+this+paper%2C+we+compare+different+tools+%28e.g.%2C+R%2C+Python%2C+Weka%2C+Mahout%29+for+teaching+and+learning+data+analytics%2C+discuss+our+experience+in+the+educational+setting%2C+point+out+the+lesson+learned+and+also+present+the+feedbacks+from+the+students.',NULL,'Accepted as a Poster',1,208,'FYDQT3WOZB','Accepted as a Poster'),
	(81,'A+Course+on+Applied+AI+and+Data+Science%3A+Recommender+Systems','Artificial+intelligence+%28AI%29+and+data+science+have+become+one+of+the+most+popular+curricula+in+the+computing+educations.+Plenty+of+theories%2C+optimizations+and+math+are+involved+in+these+courses%2C+which+results+in+a+higher+degree+of+difficulty+for+students+to+learn%2C+not+to+mention+the+students+without+specializations+in+computer+science+or+information+technology.+Beyond+the+complicated+knowledge+and+theories%2C+students+may+prefer+to+learn+and+focus+on+applied+AI+or+data+science+which+refer+to+the+knowledge+or+skills+for+practical+problem-solving+and+real-world+applications.+For+example%2C+information+retrieval+has+been+listed+as+one+of+the+curricula+in+several+undergraduate+and%2For+graduate+programs+in+the+AI+or+data+science+programs.+This+paper+describes+a+course+that+focuses+on+the+topic+of+recommender+systems+which+is+in+high+demand+in+both+academia+and+industries.+This+course+has+been+extremely+successful+at+the+authors%27+institutions.+In+this+paper%2C+we+introduce+the+course%27s+objectives%2C+structure+and+methodologies%2C+discuss+possible+ways+to+deliver+hands-on+practice%2C+summarize+the+outcomes%2C+and+finally+present+the+lessons+learned%2C+as+well+as+the+feedbacks+from+the+students.+These+experience+could+be+useful+and+may+give+advice+to+other+educators+looking+to+create+a+similar+course+in+their+program.',NULL,'Accepted',1,208,'9XFJFR556Z','Accepted'),
	(82,'The+Effects+of+Native+Language+Consistency+on+Learners%E2%80%99+Introduction+to+Block-Based+Instructional+Technologies','Computer+Science+%28CS%29+is+an+English-centric+discipline+which+still+needs+to+explore+how+cultural+factors+such+as+learners%27+native+language+may+impact+the+understanding+of+CS+concepts.+We+evaluated+adult+participants+with+no+prior+coding+experience+performing+tasks+in+a+conventional+block-based+programming+platform%3A+Scratch.+We+collected+data+from+these+interactions+and+compared+between+Native-English+speakers%2C+and+Hispanic+speakers+who+knew+English+as+a+Second+Language+%28ESL%29.+Our+findings+suggest+that+learners%E2%80%99+native+language+may+not+impact+their+ability+to+come+to+a+proper+solution%2C+but+it+does+affect+how+they+interact+with+block-based+environments%2C+when+their+native+language+is+inconsistent+with+the+language+featured+in+the+tool.+This+pilot+study+invites+the+Computer+Science+Education+%28CS+ED%29+community+to+explore+how+to+effectively+reach+Hispanic+and+non-English+speaking+communities%2C+impacting+the+community+outreach+in+other+regions.',NULL,'Accepted as a Lightning Talk',7,706,'9JBOSJTA15','Accepted as a Lightning Talk'),
	(83,'Online+Learning%2C+The+Educators+Experiences','Much+has+been+researched+and+written+about+the+trials+and+techniques+of+imparting+education+to+students+in+technical+fields+like+Information+Technology+via+online+learning.++Even+more+work+has+been+done+about+the+students+experiences+in+online+courses.++What+this+panel+is+hoping+to+engender+is+to+start+a+discussion+about+online+learning+from+the+teachers%E2%80%99+point+of+view%2C+their+trials+and+tribulations.++It+is+our+hope+to+start+a+discussion+with+the+attendees+and+be+able+to+share+our+triumphs%2C+failures%2C+theories%2C+tools%2C+approaches+and+fears.++Attendees+need+no+personal+experience+in+online+teaching%2C+just+a+curiosity+of+what+the+endeavor+might+be+like.++Attendees+with+personal+experience+might+find+others+with+similar+experiences%2C+commiserate+and+hopefully+find+new+pathways+forward+together.',NULL,'Accepted',2,20,'RY7MNLX28T','Accepted'),
	(84,'How+to+Increase+Female+Enrollment+and+Retention+for+Computing+Degrees','Coming',NULL,'Accepted',2,94,'JX5OSP4QHA','Accepted'),
	(85,'Bikesharing%3A+Analysis+and+Prediction','As+one+of+the+most+popular+shared-economy+industries%2C+the+bikesharing+systems+are+in+ever-growing+demand+now%2C+and+there+are+currently+more+than+500+such+systems+operating+around+the+world.+A+typical+bike+sharing+or+rental+system+allows+the+users+to+rent+bike+from+one+location+and+return+it+at+any+other+locations+in+their+networks.+In+this+paper%2C+we+perform+the+statistical+and+predictive+analysis+on+the+bike+sharing+data+in+Washington%2C+D.C.+Our+experimental+results+help+discover+different+usage+patterns+by+the+registered+and+casual+users%2C+and+we+are+able+to+build+effective+predictive+models+to+estimate+the+rental+demands+in+the+bikesharing+system.',NULL,'Accepted',4,208,'WJBF7DUOTG','Accepted'),
	(86,'Software+Quality+and+Software+Security+with+Serverless+Computing','Nowadays%2C+organizations+are+moving+from+server-centric+traditional+compute+and+storage+systems+to+the+serverless+computing+that+offers+the+potential+benefits+of+not+requiring+their+servers.+Serverless+architecture+facilitates+superior+flexibility%2C+greater+scalability%2C+cost-cutting%2C+and+quicker+time+to+release.+However%2C+migration+from+legacy+infrastructure+to+the+serverless+one+is+a+vast+technical+change+which+may+emerge+other+issues.+The+purpose+of+this+paper+is+to+analyze+what+serverless+computing+can+impact+on+software+quality+and+software+security+if+the+legacy+system+is+re-engineered+or+modernized+using+serverless+computing.+We+compare+three+service+providers+such+as+Amazon+Web+Services%2C+Microsoft+Azure%2C+Google+Cloud+Platform+and+find+out+their+pros+and+cons.++',NULL,'Rejected',1,468,'7GYGM27AM6','Rejected'),
	(88,'An+Architecture+for+Blockchain-based+Collaborative+Signature-based+Intrusion+Detection+System','Collaborative+intrusion+detection+system+%28CIDS%29%2C+where+IDS+hosts+work+with+each+other+and+share+resources%2C+have+been+proposed+to+cope+with+the+increasingly+sophisticated+cyberattacks.+Despite+the+promising+benefits+such+as+expanded+signature+databases+and+alert+data+from+multiple+sites%2C+trust+management+and+consensus+building+remain+as+challenges+for+a+CIDS+to+work+effectively.+The+blockchain+technology+with+built-in+immutability+and+consensus+building+capability+provides+a+viable+solution+to+the+issues+of+CIDS.+In+this+paper%2C+we+introduce+an+architecture+for+a+blockchain-enabled+signature-based+collaborative+IDS%2C+discuss+the+implementation+strategy+of+the+proposed+architecture+and+developed+a+prototype+using+open-source+projects+such+Hyperledger+and+Snort.+Our+preliminary+evaluation+on+a+bench+mark+showed+the+proposed+architecture+offers+a+feasible+solution+by+addressing+the+issues+of+trust%2C+data+sharing+and+insider+attacks+in+the+network+environment+of+CIDSs.+The+implications+and+limitations+of+this+study+are+also+discussed.++',NULL,'Accepted as a Poster',7,695,'MV0VVNNIJG','Accepted as a Poster'),
	(90,'Exploratory+Analysis+of+Chicago+Taxi+Rides','Taxi+ride+is+still+one+of+the+most+common+and+popular+transportation+methods%2C+even+if+there+are+a+lot+of+different+options+provided+in+a+large+city%2C+such+as+New+York+and+Chicago.+In+this+paper%2C+we+utilize+the+taxi+ride+data+in+the+city+of+Chicago%2C+and+analyze+the+factors+that+are+most+significant+in+determining+the+fare+of+the+taxi+ride.+We+analyze+the+data+and+discover+some+interesting+patterns+in+the+taxi+ride+and+taxi+fares.+In+addition%2C+we+also+tried+to+predict+the+most+common+method+of+payment+for+the+fare+by+using+regression+and+classification+technique+respectively.',NULL,'Accepted',4,208,'JXFURI51BC','Accepted'),
	(91,NULL,NULL,NULL,NULL,5,714,'CY2QWDQKHT',NULL),
	(92,'Teaching+Cyber+Concepts+and+Ethics+by+Hacking+NAO','This+paper+introduces+our+novel+experiential-learning+model%2C+which+uniquely+combines+cybersecurity+with+robotics+in+the+form+of+an+ethical-hacking+experiment+on+the+NAO+humanoid-robot+for+teaching+cybersecurity+concepts+and+ethics.+Our+research+case-study%2C+as+described+in+this+paper%2C+involves+the+use+of+NAO+to+educate+both+college+and+pre-college+%28K-12%29+learners+about+basic+cybersecurity+topics%2C+like+fundamental+computer-networking+concepts%2C+simple+system-level+access+control+and+authentication%2C+as+well+as+the+essence+of+ethical-hacking.+This+teaching+experiment+is+carried+out+by+providing+a+sample+set+of+college+and+pre-college+learners+the+hands-on+opportunity+to+perform+a+simple+step-by-step+ethical-hacking+experiment+on+the+NAO%2C+and+in+the+process+explore+as+well+as+exploit+robotic+system+vulnerabilities.+Existing+literature+shows+that+there+is+limited+work+on+the+efficacy+of+teaching+ethical-hacking+related+cybersecurity+topics+using+an+actual%2C+physical+robot.+Prior+works+indicate+that+a+robotic+platform+can+be+an+effective+and+engaging+medium+for+teaching+cybersecurity.+However%2C+our+new+approach+of+teaching+essential+cyber+concepts+and+ethics+through+a+hands-on+offensive+and+defensive+exploration+of+the+NAO+is+a+first-of-its-kind+educational+research+study+with+college+and+pre-college+learners.+As+preliminary+evidence+of+the+effectiveness+and+potential+of+our+proposed+experiential+learning+model%2C+we+analyze+our+experimental+results%2C+in+the+form+of+student+learning+assessment+through+participant+feedback+and+learner+survey+data%2C+which+have+been+collected+from+the+several+NAO+ethical-hacking+workshop+sessions+that+we+have+conducted+with+different+learners%2C+including+college+students%2C+high-school+students+and+teachers+plus+few+elementary-school+youth.',NULL,'Rejected',1,301,'DTSR9GXBNE','Rejected'),
	(93,'Initial+Results+from+an+Applied+Baccalaureate+Program+in+Software+Development','Nearly+half+of+the+states+in+the+U.S.+now+authorize+community+colleges+to+confer+certain+baccalaureate+degrees%2C+typically+applied+baccalaureate+degrees+that+are+workforce-oriented.+Green+River+College%2C+a+community+college+located+in+a+suburb+25+miles+south+of+Seattle%2C+Washington%2C+launched+a+new+applied+baccalaureate+program+in+Software+Development+in+2014%2C+focused+on+preparing+students%2C+particularly+those+who+are+place-bound%2C+underrepresented+and+under-served%2C+to+access+entry-level+career+opportunities+as+software+developers.+This+lightning+talk+will+share+initial+results+from+a+five-year+retrospective+on+an+applied+baccalaureate+program+in+Software+Development+and+provides+the+author+an+opportunity+to+ask+for+feedback+from+SIGITE+community+members+on+what+other+factors+and+data+should+be+considered+to+provide+additional+value+in+the+retrospective.',NULL,'Accepted',5,696,'5KT98QJD2A','Accepted'),
	(95,'Deep+Learning+in+the+IT+Curriculum','Deep+learning%2C+a+form+of+neural-network+based+machine+learning%2C+is+becoming+prevalent+in+many+IT+endeavors.+It+is+therefore+important+to+expose+IT+undergraduate+students+to+it++somewhere+in+the+curriculum.+However%2C+deep+learning+has+mathematical+foundations+that+may+be+beyond+the+reach+of+the+average+undergraduate+student.+A+course+focusing+on+creative+AI+has+been+developed+to+introduce+deep+learning+from+the+practitioner+perspective.+Specifically%2C+the+application+of+deep+learning+in+human+creative+activities%2C+such+as+in+art%2C+music%2C+and+multimedia%2C+forms+the+basis+of+our+educational+approach.+The+major+topics+of+this+course+are+presented%2C+along+with+the+software+tools+being+utilized.+Sample+laboratory+assignments+and+projects+are+introduced%2C+and+the+results+of+measuring+various+student+outcomes+across+two+semesters+are+presented.+Overall%2C+the+use+of+deep+learning+in+applications+mimicking+human+creativity+can+serve+the+purposes+of+getting+students+excited+about+machine+learning+and+also+help+enhance+their+core+knowledge+of+programming+and+the+utilization+of+standard+library+tools.',NULL,'Accepted',1,720,'0GAI31YHQZ','Accepted'),
	(96,'Redeveloping+Electronic+Health+Records+Course+with+Open+Source+Tools+and+Platforms','In+this+paper%2C+we+introduce+the+redevelopment+of+Electronic+Health+Record+Systems+and+Applications+course+for+health+information+technology+students.+We+make+use+of+open-source+tools+and+platforms+in+the+hands-on+projects+to+help+students+understand+the+topics+through+learning+by+doing.+The+course+redevelopment+details+are+presented%2C+students%E2%80%99+perceptions+of+the+course+materials+and+future+plan+are+discussed.',NULL,'Accepted as a Poster',1,32,'2ZN3KXHTBX','Accepted as a Poster'),
	(97,'The+Use+and+Non-Use+of+Cybersecurity+Tools+Among+Consumers%3A+Do+They+Want+Help%3F','Cybersecurity+behavior+changes+over+time%2C+as+do+the+recommendations+for+how+one+may+best+protect+themselves+from+cybersecurity+threats.+This+paper+examines+current+trends+in+what+protective+measures+people+take%2C+such+as+using+a+password+manager%2C+virtual+private+network+%28VPN%29%2C+or+anti-malware+software.+The+reasons+why+people+employ+these+protective+measures+is+explored%2C+including+why+some+choose+not+to+and+whether+or+not+they+are+willing+to+pay+for+cybersecurity+protective+services%2C+including+on-call+expert+access.+The+evidence+indicates+that+there+is+an+important+place+for+security+education%2C+training%2C+and+awareness+%28SETA%29+programs+to+help+those+that+do+not+use+such+measures%2C+as+well+as+concerted+efforts+to+improve+the+self-efficacy+of+individuals%2C+especially+females+and+adults+35+and+over.+About+one+in+three+individuals+are+willing+to+pay+for+cybersecurity++services+that+include+on-call+access+to+cybersecurity+experts.+However%2C+establishing+a+proper+price+point+for+such+services+remains+critical.+',NULL,'Accepted',7,96,'6Y1BDT0QUU','Accepted'),
	(98,'Analysis+of+Threats+to+UAV+Operations++in+Education+and+Research+','Unmanned+aerial+vehicles+%28UAVs%29%2C+more+commonly+known+as+%E2%80%9Cdrones%E2%80%9D%2C+have+been+used+for+military+and+law+enforcement+purposes+for+decades%3B+however%2C+recent+years+have+seen+UAVs+become+pervasive+in+a+variety+of+civilian+enterprises%2C+from+filmmaking+and+agriculture+to+hobby+flying+and+racing+as+well+as+for+research+purposes+in+the+university+setting.+This+incredible+versatility+also+provides+an+equally+large+and+diverse+array+of+potential+attack+vectors+that+a+malicious+actor+can+exploit+to+gain+control+over+a+UAV+or+the+various+wireless+networks+it+uses+to+communicate.+This+has+led+to+a+large+body+of+research+regarding+what+these+vulnerabilities+are+and+how+they+can+be+mitigated+or+eliminated.+These+problems+are+amplified+when+conducted+under+the+banner+of+research+and+academic+freedom.+The+purpose+of+this+paper+is+to+collect%2C+discuss%2C+and+analyze+these+threats+to+UAV+operations+in+order+to+establish+a+baseline+for+further+research',NULL,NULL,7,397,'Y01MRCVTAS',NULL),
	(99,'From+Design+to+Implementation+-+Algorithm+Conversion+and+Transition+to+a+Mobile+Platform+for+an+Artificial+Pancreas','An+artificial+pancreas+is+implemented+as+a+mobile+application+which+connects+glucose+sensor%2C+insulin+pump+and+wearable+physical+activity+sensors+and+automatically+delivers+the+optimal+insulin+amounts+for+type+1+diabetes+patients.+The+automation+of+insulin+delivery+is+based+on+an+algorithm%2C+previously+tested+on+a+laptop+and+still+under+development%3A+the+complexity+of+such+algorithms%2C+and+its+ongoing+changes%2C+requires+a+fast%2C+reliable+method+to+translate+the+same+functionalities+into+a+mobile+platform.+Neither+precision+nor+the+runtime+constraints+can+be+neglected%2C+for+it+would+incur+in+safety+hazards%3A+wrong+or+delayed+treatment.+Consequently%2C+correctness+tests+of+the+new+mobile+application+results+and+on+the+phone+run+time+analysis+are+presented+at+the+end+of+the+document.',NULL,'Accepted as a Lightning Talk',1,599,'B8CNCK0VNV','Accepted as a Lightning Talk'),
	(100,'The+Necessity+of+Inter-Disciplinary+Software+Development+for+Building+Viable+Research+Platforms','Developing+viable+and+robust+software+is+an+inescapable+artifact+of+graduate+research.+In+addition+to+the+complexity+of+the+graduate+research%2C+you+have+now+added+additional+complexity+of+developing%2C+deploying%2C+and+securing+software+to+aid+or+complete+the+initial+research.++Combined+with+the+transitive+nature+of+students%2C+this+further+complicates+the+development+process.++What+is+needed+is+a+standardized+framework+for+developing+complex+software.+++We+posit+that+in+a+university%2C+no+single+department+has+the+internal+expertise+to+produce+research+and+the+necessary+software+development+and+infrastructure+needed+to+produce+a+viable+product+or+tool+used+in+a+research+capacity.++We+would+extend+the+research+of+Hilton+et+al.+%5B5%5D+stating+that+developing+software+in+a+research+context+facilitates+the+necessity+that+software+should+be+designed+as+interdisciplinary+from+the+beginning.',NULL,NULL,7,397,'YTH9OGNAKK',NULL),
	(101,'Building+an+Ecosystem+of+Strategic+Partners+for+New+Baccalaureate+Programs+in+Information+Technology','In+2017%2C+technology+startup+Tapped+Technologies+partnered+with+students+in+a+relatively+new+applied+baccalaureate+program+in+software+development+at+Green+River+College+to+develop+a+sports+fan+engagement+platform%2C+resulting+in+the+business+being+able+to+pursue+first-round+investor+funding+and+students+being+hired+as+software+developer+interns.+Strategic+partnerships+with+local+businesses+and+non-profit+organizations+provide+students+with+opportunities+for+tuition+funding%2C+project-+and+work-based+learning%2C+while+providing+organizations+access+to+local+talent+and+the+college+with+storytelling+opportunities+for+program+marketing.+In+this+lightning+talk%2C+learn+how+effective+partnerships+are+formed+and+sustained%2C+from+both+the+academic+program+and+the+partners%E2%80%99+perspective.',NULL,'Accepted',5,696,'GJGSVN1FO6','Accepted'),
	(102,'Closing+the+Feedback+Loop+Between+UX+Design%2C+Software+Development%2C+Security+Engineering%2C+and+Operations','+There+have+been+many+evolutions+of+the+software+development+lifecycle+%28SDLC%29.+These+differing+models+have+moved+software+development+groups+from+sequential+development+to+a+more+agile+and+iterative+development+model.+With+the+increasing+awareness+and+research+focused+on+the+cyber+security+landscape%2C+there+has+been+a+large+push+for+%22shifting+security+left%22+in+the+SDLC.+With+security+engineering+teams+engaged+earlier+and+more+often+throughout+the+SDLC%2C+security+issues+will+be+found+and+fixed+earlier%2C+which+increases+efficiency+while+lowering+cost+and+overhead.+While+this+has+been+an+important+cultural+and+infrastructural+shift+for+many+technology+companies%2C+there+is+still+a+gap+in+this+feedback+loop+that+needs+to+be+bridged%3A+the+gap+between+user+experience+designers+and+the+software%2C+security%2C+and+IT%2Foperations+engineers.+With+the+introduction+of+more+security+awareness+and+implementation+of+security+controls%2C+there+have+been+trade-offs+made+between+security+and+usability---a+challenge+known+as+%22Usability+versus+Security.%22+Many+of+the+articles+and+papers+that+propose+how+to+change+these+two+fields+from+opposing+forces+to+being+cross-functional+allies+offer+simplified+solutions+but+don%27t+go+into+granular+detail+about+solving+the+problem.+This+paper+covers+the+evolution+of+the+SDLC+from+the+Waterfall+model+through+the+DevSecOps+agile+methodology+and+proposes+a+new+development+model%3A+the+Technology+Development+Lifecycle+%28TDLC%29.+This+TDLC+model+aims+to+keep+designers%2C+software+engineers%2C+security+engineers%2C+and+IT%2Foperations+all+within+a+tight+feedback+loop+throughout+a+continuous+integration%2Fcontinuous+development+pipeline.+We+will+discuss+various+workflows%2C+use+cases%2C+and+technologies+that+can+be+used+later+on+to+implement+a+working+environment+that+can+enforce+the+TDLC+model.',NULL,'Accepted',7,96,'Z9P944J6W2','Accepted'),
	(103,'Pedagogical+Strategies+for+Classroom-based+Mixed+Reality+%28MR%29+Technology+Curriculum+','As+Mixed+Reality+%28MR%29+technologies+continue+to+become+more+prevalent%2C+it+is+important+to+design+and+prototype+user-centered+systems+that+integrate+the+kinds+of+interface+and+interaction+components+that+are+most+effective+for+consumers+to+use.+Integration+of+these+concepts+into+the+topics+we+currently+teach+is+critical+to+the+career+trajectory+of+our+students.+In+this+article%2C+we+discuss+pedagogical+strategies+for+how+to+transform+IT+education%2C+including+design+thinking-based+approaches%2C+that+have+shown+useful+to+the+rapid+design%2C+prototyping%2C+and+integration+of+MR+technologies+and+concepts+into+classroom-based+curriculum.+Lessons+learned+from+the+formal+introduction+of+these+concepts+into+the+curriculum+at+Brigham+Young+University+%28BYU%29+during+a+longitudinal+12-month+period+and+the+creation+of+a+new+MR+Lab+on+campus+will+also+be+discussed.',NULL,'Accepted',1,389,'XRF02XQCBC','Accepted');

/*!40000 ALTER TABLE Papers ENABLE KEYS */;
UNLOCK TABLES;


# Dump of table PaperSubjects
# ------------------------------------------------------------

DROP TABLE IF EXISTS PaperSubjects;

CREATE TABLE PaperSubjects (
  paperId int(11) NOT NULL,
  subjectId int(11) NOT NULL,
  PRIMARY KEY (paperId,subjectId),
  KEY FK_Subjects_Subjects (subjectId),
  CONSTRAINT FK_Subjects_Papers FOREIGN KEY (paperId) REFERENCES Papers (paperId) ON UPDATE CASCADE,
  CONSTRAINT FK_Subjects_Subjects FOREIGN KEY (subjectId) REFERENCES _Subjects (subjectId) ON UPDATE CASCADE
) ENGINE=InnoDB DEFAULT CHARSET=utf8;

LOCK TABLES PaperSubjects WRITE;
/*!40000 ALTER TABLE PaperSubjects DISABLE KEYS */;

INSERT INTO PaperSubjects (paperId, subjectId)
VALUES
	(1,5),
	(1,21),
	(3,13),
	(3,16),
	(3,19),
	(3,21),
	(3,25),
	(4,13),
	(5,5),
	(5,15),
	(5,23),
	(6,7),
	(7,12),
	(7,16),
	(8,7),
	(8,15),
	(8,16),
	(9,1),
	(10,9),
	(10,14),
	(10,21),
	(10,22),
	(11,9),
	(11,19),
	(12,16),
	(12,19),
	(13,19),
	(14,5),
	(14,21),
	(15,3),
	(15,14),
	(16,1),
	(16,7),
	(17,5),
	(17,15),
	(19,16),
	(20,11),
	(20,14),
	(21,7),
	(21,16),
	(22,1),
	(22,4),
	(22,7),
	(23,21),
	(24,3),
	(25,6),
	(25,7),
	(25,23),
	(25,25),
	(26,13),
	(26,16),
	(27,4),
	(27,17),
	(28,16),
	(28,17),
	(29,4),
	(29,16),
	(29,17),
	(29,20),
	(29,25),
	(30,1),
	(30,2),
	(30,3),
	(30,5),
	(30,6),
	(30,9),
	(30,11),
	(30,12),
	(30,13),
	(30,14),
	(30,18),
	(30,19),
	(30,21),
	(30,22),
	(30,23),
	(30,25),
	(31,2),
	(31,15),
	(32,1),
	(32,2),
	(33,13),
	(33,17),
	(33,18),
	(33,19),
	(33,23),
	(33,25),
	(34,3),
	(34,5),
	(34,11),
	(34,14),
	(34,17),
	(34,22),
	(35,3),
	(35,11),
	(35,16),
	(36,21),
	(37,21),
	(38,1),
	(38,5),
	(39,5),
	(39,12),
	(40,5),
	(41,5),
	(41,10),
	(41,21),
	(42,4),
	(43,5),
	(43,13),
	(43,17),
	(44,6),
	(45,5),
	(45,9),
	(45,20),
	(45,21),
	(46,5),
	(46,6),
	(46,15),
	(47,6),
	(47,7),
	(47,13),
	(48,1),
	(48,2),
	(48,6),
	(49,5),
	(49,16),
	(50,5),
	(50,6),
	(51,17),
	(52,21),
	(53,2),
	(53,7),
	(53,10),
	(53,23),
	(54,2),
	(54,5),
	(54,7),
	(54,10),
	(54,16),
	(55,3),
	(55,16),
	(55,17),
	(55,19),
	(55,22),
	(55,25),
	(56,1),
	(56,3),
	(56,16),
	(56,17),
	(56,22),
	(57,5),
	(57,7),
	(58,13),
	(58,21),
	(58,25),
	(59,6),
	(59,21),
	(59,25),
	(60,7),
	(60,16),
	(60,25),
	(61,3),
	(61,21),
	(61,25),
	(62,6),
	(62,21),
	(63,1),
	(63,7),
	(64,2),
	(64,15),
	(65,2),
	(65,4),
	(65,5),
	(65,7),
	(65,10),
	(66,5),
	(67,7),
	(67,8),
	(67,20),
	(68,4),
	(68,5),
	(68,11),
	(69,5),
	(69,11),
	(69,16),
	(69,20),
	(70,2),
	(70,9),
	(71,4),
	(71,17),
	(72,10),
	(72,12),
	(72,14),
	(72,19),
	(72,23),
	(72,24),
	(73,4),
	(73,5),
	(73,11),
	(75,1),
	(76,12),
	(77,10),
	(77,16),
	(77,17),
	(77,21),
	(78,5),
	(78,16),
	(78,23),
	(79,4),
	(79,5),
	(79,7),
	(79,8),
	(79,9),
	(79,20),
	(79,21),
	(80,6),
	(80,16),
	(80,17),
	(81,6),
	(81,16),
	(82,4),
	(82,20),
	(83,7),
	(84,8),
	(85,6),
	(86,3),
	(86,25),
	(88,3),
	(88,12),
	(88,24),
	(90,6),
	(92,3),
	(92,4),
	(92,9),
	(92,11),
	(92,17),
	(92,20),
	(93,5),
	(95,5),
	(95,13),
	(95,25),
	(96,5),
	(97,3),
	(97,9),
	(97,11),
	(97,20),
	(98,14),
	(98,25),
	(99,13),
	(99,21),
	(99,26),
	(100,18),
	(100,22),
	(100,23),
	(101,4),
	(101,5),
	(101,10),
	(102,3),
	(102,9),
	(102,11),
	(102,20),
	(103,5),
	(103,9),
	(103,10),
	(103,13),
	(103,16),
	(103,17),
	(103,19),
	(103,21),
	(103,25);

/*!40000 ALTER TABLE PaperSubjects ENABLE KEYS */;
UNLOCK TABLES;


# Dump of table Users
# ------------------------------------------------------------

DROP TABLE IF EXISTS Users;

CREATE TABLE Users (
  userId int(11) NOT NULL,
  lastName varchar(45) DEFAULT NULL,
  firstName varchar(45) DEFAULT NULL,
  email varchar(45) DEFAULT NULL,
  pswd varchar(60) DEFAULT NULL,
  canReview varchar(45) DEFAULT NULL,
  expiration varchar(20) DEFAULT NULL,
  isAdmin int(11) DEFAULT '0',
  affiliationId int(11) DEFAULT NULL,
  PRIMARY KEY (userId),
  KEY FK_Users_Affiliations (affiliationId),
  CONSTRAINT FK_Users_Affiliations FOREIGN KEY (affiliationId) REFERENCES _Affiliations (affiliationID) ON DELETE CASCADE ON UPDATE CASCADE
) ENGINE=InnoDB DEFAULT CHARSET=utf8;

LOCK TABLES Users WRITE;
/*!40000 ALTER TABLE Users DISABLE KEYS */;

INSERT INTO Users (userId, lastName, firstName, email, pswd, canReview, expiration, isAdmin, affiliationId)
VALUES
	(1,'Zilora','Stephen','stevez@cssconsult.com','c704e98e5f46b4afd32682cf53d740524b4f6910','1','20250101000000',1,77),
	(2,'Lunt','Barry','luntb@byu.edu','9ebacd3ddd96b6ff1267401b2872928fe039cf9c','1','20250101000000',0,10),
	(3,'Kadlec','Christopher','ckadlec@georgiasouthern.edu','fda07b8c166feb15d2e359f40010ff8f368c01f2','1','20250101000000',0,34),
	(4,'German','Adrian','dgerman@indiana.edu','706b5dc4aaec8ee2b85487f8a4b471223896446e',NULL,'20160616202022',0,41),
	(5,'Leone','Jim','jim.leone@rit.edu','bbe214a55f534265ba8d01e8761efa6e6a1002f6',NULL,'20250101000000',0,77),
	(6,'Horton','Michael','mikep.horton@gmail.com','0c921904424ddd5dc3c3d65edd4673db80e19b33',NULL,'20250101000000',0,34),
	(8,'Patange','Mitalee','mpatange@hawk.iit.edu','68b834c13feec93e77ed4eee464a830e6cfb9c22',NULL,'20250101000000',0,39),
	(9,'Wang','Diana','ywangm@gmu.edu','6737e16b67c5e380bf494590e8e7518650a566f8','1','20250101000000',0,31),
	(10,'Lunt','Barry','rcalix1@gmail.com','fd531e41312aff2c086da1d2e8d2105181771add',NULL,'20250101000000',0,0),
	(11,'Hoar','Ricardo','rhoar@mtroyal.ca','2209b690afd7cbae391d13b95be0bd4d676493e5',NULL,'20250101000000',0,58),
	(12,'Team','Honeypot','komojol1@hawk.iit.edu','6f590f693d650176e7df085cd14749bf96237c03',NULL,'20250101000000',0,39),
	(13,'Thompson','Melanie','ccmmt@hotmail.com','7417f67280e31dc672ab6961fb164d1a98921cfd',NULL,'20250101000000',0,39),
	(15,'Stephenson','Ben','ben.stephenson@ucalgary.ca','c560512f31d745ed5642f6d1b332fd2c1a71988f',NULL,'20250101000000',0,124),
	(17,'Fritz','Jen','jen.fritz@uc.edu','792421e22f15c8efbea7e8cab70c3dcfa8b25143',NULL,'20250101000000',0,126),
	(18,'Chou','Te-Shun','chout@ecu.edu','bccfd6029d09f398df34c598a623d0e11a0c3401',NULL,'20250101000000',0,21),
	(19,'Ahmed','Sohaib','dr.sohaibahmed@gmail.com','0cf11175fa326acc52d61dc8b6cd5eb8205e5149',NULL,'20250101000000',0,5),
	(20,'Bogaard','Daniel','Dan.Bogaard@rit.edu','bbce481b0d319a837446124a3edf39be7af063ba','1','20250101000000',1,77),
	(21,'Z','Steve','hrturner@bsu.edu','4245a7743913e5e94db07d7c3a5d2fd1be7ade60',NULL,'20250101000000',0,0),
	(22,'Wang','Xinli','xinlwang@mtu.edu','a2af46b9b36317d3bd8c0e9e9a5960acdfba4183',NULL,'20250101000000',0,55),
	(23,'Renwick','Janet','janet.renwick@uafs.edu','5ebc013b84f9583d467407f71472b838a84ff463','1','20250101000000',0,101),
	(24,'Martinez Arizmendi','Manuel','mmarti45@hawk.iit.edu','03312c0ec3f5722f7640fea741c7919a9855dfa4',NULL,'20250101000000',0,39),
	(25,'Mani','Joseph','drjosephmani@mcbs.edu.om','606cdfe0a705faf9a899dea20e17c37f663d0387',NULL,'20250101000000',0,56),
	(26,'Ghiglieri','Marco','marco.ghiglieri@sit.tu-darmstadt.de','e9e97efda1bba282ecd618800b643603f3f03e01',NULL,'20250101000000',0,0),
	(27,'Satchwell','Steven','tannersatch@gmail.com','818f028c3a9775d782682c3f88d2af57dd89248f',NULL,'20250101000000',0,10),
	(29,'matuszak','philip','matuphi@hawk.iit.edu','4406954895583baad1fd62eae564fd07f36fee28',NULL,'20250101000000',0,39),
	(30,'Rutherfoord','Rebecca','brutherf@kennesaw.edu','ac2884a6b05fdc32427b6ef3c80ee51004036d34',NULL,'20250101000000',0,44),
	(31,'Hartpence','Bruce','bhhics@rit.edu','d154121e84abff55f74d03bdfddbb84b90857039',NULL,'20250101000000',0,77),
	(32,'Zhang','Chi','chizhang@kennesaw.edu','6dcffadf88ac214e6d3d572c8ca1539f3afeb4f9','1','20190714191641',0,44),
	(33,'Lewis','Bram','bram@vt.edu','f523b60a58c6b6d7d60664e581c9e9419f6830cc','1','20250101000000',0,141),
	(34,'Holden','Edward','edward.holden@rit.edu','1d37db77a238b65fe72c78ed8c66fb2a81ce2503',NULL,'20250101000000',0,77),
	(35,'Woolen','James','woolenj@ferris.edu','4946b5198e7affbaf4ee045363b7518f70f1629a',NULL,'20250101000000',0,28),
	(36,'Hill','Lawrence','lawrence.hill@rit.edu','74b597f65a84afdf25921986285d2a107cdce7c4',NULL,'20250101000000',0,77),
	(37,'Vincenti','Giovanni','gvincenti@ubalt.edu','8ff7d323f2a4f8789de6d673491b6f14dd64a2be','1','20250101000000',0,123),
	(38,'Metrolho','Jose','metrolho@ipcb.pt','43e04047b0a684bf7df986ebe81800ff234c405e','1','20250101000000',0,152),
	(39,'Scott','Michael','adrir@adrir.com','b698eaad0ddbbd576c22892c04f120e55d2949f9',NULL,'20250101000000',0,27),
	(40,'McReynolds','Kevin','kevin@drkevinmcreynolds.com','582cbcf4c7f9036140e5d2cbf74f376559a8e0b8',NULL,'20250101000000',0,144),
	(41,'Connolly','Randy','rconnolly@mtroyal.ca','127879403727379c5b3e3863b83c3aca17bec54e',NULL,'20250101000000',0,58),
	(42,'Tew','Kevin','kevin_tew@byu.edu','41d61a3ff8a528d8c5c4715490126212c692e574',NULL,'20160716003846',0,10),
	(43,'Miller','Craig','cmiller@cs.depaul.edu','1e12f8878264eb4ffb1af7d9c768f3622967eefd',NULL,'20250101000000',0,20),
	(47,'Qucsu','Junfeng','jqu@clayton.edu','cc15abde375d6e08307cd41dfa54a8cd239d9d51',NULL,'20250101000000',0,18),
	(48,'Oh ','Tae','tomohmail@gmail.com','6e8b97b0a1be38e9932dc7afd1168b5e03563e4e',NULL,'20250101000000',0,77),
	(49,'Edirisinghe','Nalaka','nalaka@tp.edu.sg','4d7d875cde5d49b01fd56a3e29de33833b690b7f',NULL,'20250101000000',0,94),
	(50,'Liu','Xing','xingliu8@uw.edu','2c0a82c3b15c3a8328c5558e6a420bfaef5a2258',NULL,'20250101000000',0,133),
	(52,'Kang','Jai','jai.kang@rit.edu','1b431b86a71c651c2359282d00b532f566525385','1','20250101000000',0,77),
	(53,'Mustafa','Yousif','mustafy@thomasmore.edu','c9f8e0a9c34944e40890ace5fb0cc643a7872c3d',NULL,'20250101000000',0,97),
	(56,'Schneider','Etienne','et.schneider@gmail.com','fc87fb6789089f868d34f16855c52a6a446001a3',NULL,'20250101000000',0,108),
	(57,'Costa','Monica','monicac@ipcb.pt','4c58bb426dd6ccc3be8dea9d30a9aeefdd27f482',NULL,'20250101000000',0,152),
	(58,'Gaspar','Alessio','alessio@usf.edu','4b2aac26dac783dbd6033ffa763d429c2ffaa747','1','20250101000000',0,130),
	(59,'Nemani','Rao','rnemani@css.edu','61a262a0850916e4b8959639bdc25ba1ad85ecc6',NULL,'20250101000000',0,88),
	(60,'Jockel','Jeffrey','jcjics@rit.edu','db67abcd8dd227e8f9719442778a3532453a32ae',NULL,'20250101000000',0,77),
	(62,'Chung','Sam','samchung@siu.edu','1c09e5e2107740893c7d1aab3dde3ec9aec2de91',NULL,'20250101000000',0,84),
	(63,'Stockman','Mark','mark.stockman@uc.edu','addea21d715cd27843ed77a6f15903a9e7047035',NULL,'20250101000000',0,126),
	(64,'Hernandez','Steve','Shernan@stu.edu','b6b1913927f40212e115595c2d79ac610402be51',NULL,'20250101000000',0,89),
	(65,'Vullo','Ronald','rpv@mail.rit.edu','0b334f6d4754fdf047321c4ffc5ac6ffbdf5249b',NULL,'20250101000000',0,77),
	(66,'Traynor','Carol','ctraynor@anselm.edu','107ed01b3a0b891241cf67354228509d68660f54',NULL,'20250101000000',0,79),
	(67,'Al-Khalifa','Hend','hendk@ksu.edu.sa','ebb49ba60932392c704ff6bf9f43fe15dd05e7e7',NULL,'20250101000000',0,47),
	(68,'Schedlbauer','Martin','m.schedlbauer@neu.edu','9442accfea0ce4d19e914f65fb18b14d0c621c0a',NULL,'20250101000000',0,66),
	(70,'Prasad','Rajesh','rprasad@anselm.edu','c45639dd7cd494ec33e564ce285150e3d6c3d1b6',NULL,'20170718144025',0,79),
	(71,'Dudley','Alfreda','adudley@towson.edu','e562ef59b8015352b7de6267387a679d7b8c7351',NULL,'20160608112253',0,98),
	(72,'Kussmaul','Clifton','kussmaul@muhlenberg.edu','7ed27b0956ce34e29af76285cf087d4eb1c56413',NULL,'20250101000000',0,60),
	(73,'Perez-hardy','Sylvia','sphics@rit.edu','17081831a1522387c97769a976a94bb296ca9982','1','20250101000000',0,77),
	(74,'carlson','carl','carlson@iit.edu','4d80e8549b854e313048051bfc076f05f122eed2',NULL,'20250101000000',0,39),
	(75,'Goda','Bryan','godab@uw.edu','99ecc8373b269938cdfddaf07b1dd6f556914bd9',NULL,'20250101000000',0,133),
	(76,'Stefanov','Krassen','krassen@fmi.uni-sofia.bg','f15a7b44e8a775c45936b2595b0059a910b3b6e4','1','20250101000000',0,82),
	(77,'Yang','Baijian','byang@purdue.edu','df1f85ce3f38138ac736116e037e3405fc1d3aa0','1','20250101000000',0,75),
	(78,'Wood','Anita','awood@pct.edu','46632d1c4bceaee0ba73f9dfd5330c5fd8358d31',NULL,'20250101000000',0,71),
	(79,'Booth','Larry','LarryBooth@clayton.edu','46b8222d66858e62f58c3189a0268e1c121debb0','1','20250101000000',0,18),
	(80,'Khoja','Shakeel','skhoja@iba.edu.pk','11b4f10acfd4bbe76ef993ddef7d7076ca4cfebb',NULL,'20250101000000',0,36),
	(81,'Schwarzenegger ','Karl','K.schwarzenegger@cobleskill.edu','45622acf81ccd92d35aad00ea61773e6827b901c',NULL,'20250101000000',0,90),
	(82,'Bhattacharya ','Debasis','debasisb@hawaii.edu','38c0006204d42899a1406890c8da368b1c9436d6',NULL,'20250101000000',0,0),
	(84,'Ekstrom','Joseph','jekstrom@byu.eud','045ed3e56474f8899f151860c8a81fbc0d120517',NULL,'20250101000000',0,10),
	(85,'Abulkhair ','Maysoon ','Mabualkhair@kau.edu.sa','d28cc4d52bede274b3bad38e28a46402c499572c',NULL,'20160608202840',0,46),
	(86,'Songer','Robert','rsonger@neptune.kanazawa-it.ac.jp','d9a6f34c7d5b36b7d83cf2eb4299d616b1be42d8',NULL,'20250101000000',0,42),
	(87,'Fedoruk','Alan','afedoruk@mtroyal.ca','62a839f777b1755861c34ab0e70e153e6f72e6e0',NULL,'20250101000000',0,58),
	(88,'Bouvin','David','david.bouvin@capella.edu','a5b37e57d82a8ccff3b25eccd22e4c6330423498',NULL,'20160622222932',0,14),
	(90,'MUSTAFFA','MAS RINA','MasRina@upm.edu.my','8fd71e27743c43d1db90c7753b40a0452c5cae7a',NULL,'20250101000000',0,121),
	(91,'Ali','Mahir','mahirali@sharjah.ac.ae','5b64411b020db77c76b9482ddde09e64d7d78275',NULL,'20250101000000',0,131),
	(92,'Webster','Linda','linda.webster@westminster-mo.edu','7a5b7832d586b84c8b65ce637b345749c8f7af7f',NULL,'20250101000000',0,146),
	(94,'Greenberg','Hollis','greenbergh1@wit.edu','0e2d12dc536600abdcc55d2420c9a0809f3d1ed0','1','20250101000000',0,142),
	(95,'Homkes','Rick','homkesrl@purdue.edu','1b1699792be3bd80480218c330dc679efa86fa7e','1','20250101000000',0,75),
	(96,'Dupuis','Marc','marcjd@uw.edu','cfdbfd6f2e6a90df9dd6c9749993ae447b81fd5d','1','20250101000000',0,203),
	(97,'de Leon','Ricardo Pablo','rjdeleon@up.edu.ph','5d4bd31b1008e13ded31bde016ff6913619a1f3f',NULL,'20250101000000',0,0),
	(98,'Rehesaar','Hugo','hugo.rehesaar@griffithuni.edu.au','15cbdecd9cb08543e34b898df2f0b94bf0fa8327',NULL,'20250101000000',0,33),
	(99,'Hellas','Arto','avihavai@cs.helsinki.fi','dadd95ea9a52c2d33c9d75013645e7a75109e8eb',NULL,'20250101000000',0,128),
	(100,'Harvie','David','david.harvie@usma.edu','f95c2929a0cceef3caef7ee9a35db2a3568993d3',NULL,'20250101000000',0,115),
	(101,'Collier','Robert','robert.collier@scs.carleton.ca','bd5e6ceeca316b802e02e0b6c347aa88460e99b3',NULL,'20250101000000',0,15),
	(102,'Settle','Amber','asettle@cdm.depaul.edu','6d69f596d7bfa6973ad448456a5b3373faf02cab',NULL,'20180718102043',0,20),
	(103,'Griffin','Jean','jeaniacgriffin@gmail.com','401f9d17b710833e8918213bad77ead4117e8038',NULL,'20250101000000',0,95),
	(104,'Jonas','Michael','mcy59@unh.edu','2e517a5d8f502fefe8e736a579401a135987ee16',NULL,'20250101000000',0,113),
	(105,'Foerster','Klaus-Tycho','ktfoerster@googlemail.com','10365b832d4c9dcee090cd96ddd9def546eb15f3',NULL,'20250101000000',0,25),
	(106,'Wei','Xuetao','weix2@ucmail.uc.edu','2fa8ed1bd0c173e4087582681b2cc722c97247d4',NULL,'20250101000000',0,126),
	(107,'Desipojci','Gentiana','gdesipoj@hawk.iit.edu','6c2fc3e0c6a90f8b2817257201b8b6302e3cdf69',NULL,'20250101000000',0,39),
	(108,'Tateiwa','Yuichiro','tateiwa@nitech.ac.jp','d1c1875ac6968e3e09c96c226d8ebb726fb0f6ae',NULL,'20250101000000',0,0),
	(109,'Li','Yanyan','yxli5@ualr.edu','50ac8f260f433b763305be40eeeab0d0bb8ca1c8',NULL,'20250101000000',0,0),
	(110,'Shene','Ching-Kuang','shene@mtu.edu','bc76e03a4898cc19bc9c6e6b4012982e9e4bef50',NULL,'20250101000000',0,55),
	(111,'Leinonen','Juho','juho.leinonen@helsinki.fi','cc2c444d8637ea5b1a1c7b4ec67541cde930bed8',NULL,'20250101000000',0,128),
	(112,'Fronza','Ilenia','ilenia.fronza@unibz.it','579005c8792e82fe1299332bb20558ff1c9ec4ba','1','20190731022639',0,29),
	(113,'Sanchez','Daniel ','danifelipe9@gmail.com','4144dc767dfb7f5f43805a6b5e57a63ee67a92e8',NULL,'20250101000000',0,23),
	(114,'Armitage','William','armitage@usf.edu','7012a6be53c8b78eed706e2816033976303e9670','1','20250101000000',0,130),
	(115,'Matsui Siqueira','Sean Wolfgand','sean@uniriotec.br','e38d739315c35c30eed7ef284fd6712ea46b091d',NULL,'20160714220524',0,114),
	(116,'Helps','Richard','Richard_helps@byu.edu','979cf9fa8fad62667bd91754be7f1e18b12d8255',NULL,'20250101000000',0,10),
	(117,'Mustafa','Besim','mustafab@edgehill.ac.uk','dcd3e046a66f6db6e9d15f664f863c4afe9a5365',NULL,'20250101000000',0,22),
	(118,'Cosgrove','Steve','steve.cosgrove@whitireia.ac.nz','5b7dfb0a2e9fe9fbc08f9a4120ceb24d8009992d','1','20250101000000',0,147),
	(124,'Bringula','Rex','rex_bringula@yahoo.com','136df098961b773676350fd7770359b903cee021',NULL,'20190604065201',0,132),
	(125,'He ','Wu','whe@odu.edu','ec4f9226d008f589e7186c9595639a9ef53b0677',NULL,'20250101000000',0,68),
	(126,'Sobiesk','Edward','Edward.Sobiesk@usma.edu','d2335ab30d3f31e50d4c89156f26b8344d36d988',NULL,'20250101000000',0,115),
	(127,'Embar','Maya','membar@hawk.iit.edu','1b0042d9df8756fab5df9abf527c4cca3f7f2f27',NULL,'20250101000000',0,39),
	(128,'Lahtinen','Markus','markus.lahtinen@ics.lu.se','4c4c03486657503f49604633c01c9487df801c4e',NULL,'20250101000000',0,51),
	(129,'Kumari','Shilpa','skumari1@aggies.ncat.edu','c612e945c6c20c09ca8cc84086b3a979a5034d5b',NULL,'20250101000000',0,62),
	(130,'Woods','David','woodsdm2@miamioh.edu','6c1c299f33171e7d1f88fb5e977c8e67b531b0ad',NULL,'20250101000000',0,54),
	(131,'Patrick','Brian','bpat.plus@gmail.com','46703dfbd59ef8fb36b842d9cbe099dd67fb0549',NULL,'20250101000000',0,10),
	(132,'Zheng','Jack','gzheng@kennesaw.edu','6cc955208c9f2e4fb926bd79aafed66790ee109a',NULL,'20250101000000',0,44),
	(133,'Feijoo Garcia','Pedro Guillermo','pg.feijoo05@gmail.com','094261dee34d1f19e63459b469372cb4f2c93af0',NULL,'20250101000000',0,120),
	(134,'Xie','Mengjun','mxxie@ualr.edu','b495910d63b7c5ef422b46394b596a140466c520',NULL,'20250101000000',0,101),
	(135,'Visan','Bogdan','bvisan@purdue.edu','c2709c2b78ef224ee92ab4ce830244e1f4155bf6',NULL,'20250101000000',0,75),
	(136,'Salinas','Francisco','fsalinas@southtexascollege.edu','c4f352770b69592f6f6a28beda850fd773dfedb0',NULL,'20250101000000',0,83),
	(137,'ALATWI','HUDA','haa4070@rit.edu','42cf1c11c3ec0e472e5187cc167b76a4366cee08',NULL,'20250101000000',0,77),
	(138,'jin','karen','karen.jin@unh.edu','e6403fc2c14854cdf40bca6820efef36667733f1','1','20250101000000',0,113),
	(139,'Campo Cadena','Olga Liliana ','lili_campo@yahoo.com','ceba2e2656f8bb60a906080bd6fcfef49b7528ae',NULL,'20250101000000',0,120),
	(140,'Muhirwe','Jackson','jackson.muhirwe@cwu.edu','2a2fc905c84ea5f53d9ab2138a8a9315944fad33',NULL,'20250101000000',0,19),
	(141,'Schluchter','David','dschluch@hawk.iit.edu','0e8d4ed37ee0fd86ac3dd011952038055799df55',NULL,'20160721133519',0,39),
	(142,'DeBello','Joan E.','debelloj@stjohns.edu','be030f4ffe35a4e741fa1abca6c8849b72d3a9aa',NULL,'20180709094020',0,87),
	(143,'Liu','Jigang','jigang.liu@metrostate.edu','8063c1e380a4ad0c6e2600f1637539a2baf0e0d3',NULL,'20250101000000',0,53),
	(144,'Ramirez','Anthony','Aramire2@hawk.IIT.edu','fd677551335a7329a6cfa7ab82ca1f97c72f6e9a',NULL,'20250101000000',0,39),
	(145,'Mansour','Samah','mansours@gvsu.edu','4979fba623a8751e5c3cf6b9291c9a91167b8d49',NULL,'20250101000000',0,35),
	(147,'Barge','William','bargeb@trine.edu','58323896a101ba3bb9645f98d4c3138ca7fb63dc',NULL,'20250101000000',0,99),
	(148,'Hansen','Derek','dlhansen@byu.edu','62cd4b43232c87ec38b9bec167f3660f1cdfcb73',NULL,'20250101000000',0,10),
	(149,'Li ','Lei','lli13@kennesaw.edu','a89e979df5ef88bb0e8c77970bad4c61e135e602','1','20250101000000',0,44),
	(150,'Waziak','Robert','rwaziak@hawk.iit.edu','ef541ba590c4bfe3593ace01e8f3e76cb47ffc0e',NULL,'20250101000000',0,39),
	(151,'Lopes','Sérgio F.','sergio.lopes@dei.uminho.pt','8f258d816571d4848ead1e7271ad24c41f96d666',NULL,'20250101000000',0,129),
	(152,'Goteti','Dr Prakash','prakashgoteti@gmail.com','aa3f05d91b4ec9db42ed5d7aaf2753c2f1ae7836',NULL,'20250101000000',0,93),
	(153,'SUHY','ANDREW','asuhy@umich.edu','84555816eb58c71a84cf2c4eadcf043b31e6bfff',NULL,'20250101000000',0,28),
	(154,'Shichtman','Diane','Diane.Shichtman@esc.edu','cc95c60a980a99164475217736dd10d37e7f25e0','1','20250101000000',0,91),
	(155,'Mohanarajah','Selvarajah','smrajah@gmail.com','f9bb47a7ccd32e8e8606d2772b589b8e10367067',NULL,'20250101000000',0,112),
	(156,'kazi','Samreen','samreen.kazi@bbsul.edu.pk','217d40136c6af84d48aacdfbd6148cf1d01e37c4',NULL,'20160801035047',0,8),
	(158,'Eranki','Kiran','erankikiran@gmail.com','4fb19cd499ea172ee3466375c66e0fc6a43ccfa4',NULL,'20250101000000',0,38),
	(159,'Olagunju','Amos','aoolagunju@stcloudstate.edu','02f195651387ba56408084dc232040acba08e481','1','20250101000000',0,86),
	(160,'LaBelle','Deborah','dmlics@rit.edu','542262ba21a46e8aaf3b425c42888e48d787c1b3',NULL,'20250101000000',0,77),
	(161,'Combs','Marcia','mcombs@murraystate.edu','2b0df561f7fb6fbf98d864fce35bfff422df413b',NULL,'20250101000000',0,61),
	(162,'Yang','Li','lyang03@gmail.com','e2ae3672002f46ccc4390b6a55d3d0e06a2a1da8',NULL,'20250101000000',0,0),
	(163,'Hassan','Mohammed','mhassan.se@buk.edu.ng','624705e88ebc9f3ee3c0a803ba0957b6c3a348c9',NULL,'20250101000000',0,122),
	(164,'Nagel','Kris','knagel@ggc.edu','c3f88623acd5967f6f8badc07f771c74683cc975',NULL,'20250101000000',0,32),
	(165,'Steinbach','Theresa','tsteinbach@cdm.depaul.edu','be8ae16e0db071dc153aca8734c2daf2ea111f50',NULL,'20250101000000',0,20),
	(166,'Ellis','Heidi','ellis@wne.edu','85f782c7d07add25483b09d9b0bb732ab57f606a','1','20190628170726',0,145),
	(167,'Sabin','Mihaela','mihaela.sabin@unh.edu','3e35cf7a29f8acb2889104a6cc67ffd28a655d7c',NULL,'20250101000000',0,113),
	(168,'Mcmahon','Russell','russ.mcmahon@uc.edu','b67257dd00ee6d97af9c92c1d8ddb87587735ddd',NULL,'20250101000000',0,126),
	(169,'Smith','David','dsmith4@kaplan.edu','facf3afa9f496d1c17ab57893ceb9c321c523a44',NULL,'20160621220245',0,43),
	(170,'Bauman','Brian','bauma2bm@cmich.edu','79394523ea3c415a32f046601d7cd209cbe8a586',NULL,'20250101000000',0,16),
	(171,'garg','anupam','anu_pam_2000@yahoo.com','40e08ebf7cb79a364c2a9d47c274399e22e18692',NULL,'20250101000000',0,0),
	(172,'Mason','Sharon','Sharon.Mason@rit.edu','0f780aaf626df2fad442597e3399c2d197ad1453',NULL,'20190723104324',0,77),
	(173,'Patten','Karen','pattenk@sc.edu','ec1b9f873e3adc9ebfe26c91fb5ad1dea8139e20','1','20250101000000',0,137),
	(174,'Elarde','Joseph','elardej@apsu.edu','5a7e51fbfcc97db5909f107d7939d75eb47d32fc',NULL,'20250101000000',0,3),
	(175,'Chang','Angela','anjchang@gmail.com','6a6bbbf7a0f5e3444e7eef61f96eaf002c59bcd0',NULL,'20250101000000',0,24),
	(176,'Rowe','Dale','dale_rowe@byu.edu','e1fb33bd4b80ea0c7ad3cbb4733b641c6f410620',NULL,'20250101000000',0,10),
	(177,'Hansen','Raymond','hansenr@purdue.edu','26f80afc4e4da34c54d48f8b8660129464bf7984',NULL,'20250101000000',0,75),
	(178,'Bruster','Barry','brusterbg@apsu.edu','5b918923bcfaba05c04254d5e0980d2785d759be',NULL,'20250101000000',0,3),
	(179,'Cornel','Cara','cara.cornel@byu.edu','5e0f6e83b013d7b76808c4adb4615572ee311f90',NULL,'20250101000000',0,10),
	(180,'Cornel','Cj','cj.cornel@byu.net','a45fe5fe6ab031b3d07d2f27de0574b974e71ad5',NULL,'20250101000000',0,10),
	(181,'Johnson','Rachel','rachelelise527@gmail.com','067db22454ccfa684045a6b2e708296263684e71',NULL,'20250101000000',0,10),
	(182,'Richmond','Kaylee','kaylee.r.richmond@gmail.com','541e7b3962cf72fd31c2d12ab62653291414da0a',NULL,'20250101000000',0,10),
	(183,'Uskov','Valdimir','uskov@bradley.edu','ab345f3d50f97ba9cc39aa875c5abdcf5b66852b',NULL,'20250101000000',0,9),
	(184,'Alam','Safwan','safwan.alam@uoit.net','4387039071f1cb6f2c719db6d4c6e1000037ff7f',NULL,'20250101000000',0,0),
	(185,'Voorhees','David','voorhedp@lemoyne.edu','6601c3a5ec67ebe3f11081f7e5739846988811e5',NULL,'20250101000000',0,50),
	(186,'Floeser','Michael','Michael.Floeser@rit.edu','7c7faad83dcaf0bdf8f98baead8a3805b09458a5',NULL,'20250101000000',0,77),
	(187,'Lutz','Peter','Peter.Lutz@rit.edu','cbf297085354132c76b0e0a7dbe3f896bd94b14e',NULL,'20250101000000',0,77),
	(188,'Arcoraci','Garret','garret.arcoraci@rit.edu','38748f5813fa10290a7258d976d8b7d124a06c0a',NULL,'20250101000000',0,77),
	(189,'Paterson ','Bill','Bpaterson@mtroyal.ca','12f4d916b003545c44639868c6c6e9c03d82a7de',NULL,'20250101000000',0,58),
	(190,'McQuaid','Michael','mjmics@rit.edu','406cfe1b7a5817be7d8dc44c65d128962e50c8e2',NULL,'20250101000000',0,77),
	(191,'beaton','Catherine ','Catherine.beaton@rit.edu','30b776c8e64d4a0a4d00edc68e46e29c9051364b',NULL,'20250101000000',0,77),
	(192,'Stinson','Michael','stins1m@cmich.edu','5bbc6e25c78fc08d0b11f312747cfa211dd542dc',NULL,'20250101000000',0,16),
	(202,'Hasan','Ragib','ragib@uab.edu','90f9b15daeef9e841bbc8c3a6daa4d6dca269fbe',NULL,'20250101000000',0,0),
	(203,'Patterson','Laurie','pattersonl@uncw.edu','027cbf87574fe6cc38d078e8d37075b72d661d4f',NULL,'20250101000000',0,111),
	(204,'Coppola','Jean','jcoppola@pace.edu','db3b2ee1ac0b8c692ade33191f181683bed59217',NULL,'20250101000000',0,70),
	(205,'Masialeti','Masialeti','masialetick@gmail.com','fa0c49399df309c288a2b3b0898ed9c10d5bd869',NULL,'20250101000000',0,12),
	(206,'Hussey','Jason','jphussey05@gmail.com','fadcb569df2ce10818f73f80a8cd5340eda9d76d',NULL,'20250101000000',0,115),
	(207,'Soosai Raj','Adalbert Gerald','gerald@cs.wisc.edu','2aee2caee43a18e608e42f6190199451918031f5',NULL,'20250101000000',0,140),
	(208,'Zheng','Yong','yzheng66@iit.edu','cb5dd3640e4f60571bbeeaf707a54218c6133952','1','20250101000000',0,39),
	(209,'Raj','Rajendra','rkrics@rit.edu','6833a88cadcbc5deb612e406ba2329fd5887ec30',NULL,'20250101000000',0,77),
	(210,'Chow','Tsun','tchow@capella.edu','ba45e6a5d2f3a05023b3f81c88cb1d12604b02da',NULL,'20250101000000',0,14),
	(211,'scott','andrew','andrewscott@email.wcu.edu','75ce05ff7ecef19845117dfac93b0ec6d96e3336',NULL,'20250101000000',0,143),
	(212,'Shaverdian','Anna','anna.shav@gmail.com','f6cce250743ed698e0f19d279dc10cc76ce9e45c',NULL,'20250101000000',0,37),
	(213,'hayashiguchi','eiji','ei-haya@ipa.go.jp','32d3eef2955ba0245a6ced3ab92999d2d686eea4',NULL,'20250101000000',0,0),
	(215,'Jujare','Madhuri','madhuri.jujare@sjsu.edu','70c8df7325a2cca0810dd7bb42bc897051c81cd3',NULL,'20250101000000',0,81),
	(216,'Eude','Thierry','thierry.eude@ift.ulaval.ca','0387a3181b881189e4aca4103c394629da373b4f',NULL,'20250101000000',0,49),
	(217,'Zhou','Mo','mzhou@berkeley.edu','122fe14c97934d69264d49c92e57cfaa6b4360e2',NULL,'20250101000000',0,0),
	(218,'Wang','Yang','wang@lasalle.edu','e2453553ba668c2f8812e2fed5926edcc7698c0f','1','20250101000000',0,48),
	(219,'Kakeshita','Tetsuro','kake@is.saga-u.ac.jp','99fc496146a2dd1c300ded92bc4bbf87a8979362',NULL,'20250101000000',0,78),
	(220,'Feijóo García','Pedro Guillermo','pfeijoo@unbosque.edu.co','094261dee34d1f19e63459b469372cb4f2c93af0',NULL,'20250101000000',0,120),
	(221,'Haney','Julie','Jhaney1@umbc.edu','2a9b4fc956213707c3e0eebdde03d9cbfc20cf6e',NULL,'20250101000000',0,110),
	(222,'Thongmak','Mathupayas','mathupayas@tbs.tu.ac.th','21c5a4cb3b5aecab29af36c2b2641657d2ba738f',NULL,'20250101000000',0,96),
	(223,'Eickholt','Jesse','eickh1jl@cmich.edu','8ee3af729d14e68700c964efef59ae37375a82eb',NULL,'20250101000000',0,16),
	(224,'Kalyanam','Rajesh','rkalyana@purdue.edu','94c16248455b04a40d822f285e7ae6f262472c44',NULL,'20250101000000',0,75),
	(225,'Black','Michael','mblack@southalabama.edu','3c43c92d5e375800bc97d89959a0d6ce38a022b1',NULL,'20250101000000',0,102),
	(226,'Alballaa','Hailah','halballaa@gmail.com','117d671016a0f1ed78f95af634f69275922c3de6',NULL,'20250101000000',0,47),
	(227,'Maciel Santana','Andre Luiz','andrelms@univali.br','03018b6c3647d8a411ba2a0452ff52a6e84496f0',NULL,'20250101000000',0,0),
	(228,'peltsverger','svetlana','speltsve@kennesaw.edu','bf2b829cf711eafd67673b84861a2ecc5ee51105',NULL,'20250101000000',0,44),
	(229,'Trilling','Rick','trillingf@wit.edu','da36a01da51cb635b39378b128f2c54ef5766ae1',NULL,'20180731090330',0,142),
	(230,'Chiu','Tom','tchiu2@hawk.iit.edu','89fe56fef81f0a8d14b676b8cfbe30803dd98358',NULL,'20250101000000',0,39),
	(231,'Kadam','Mandar','mkadam1@hawk.iit.edu','a2d3c32b66f9d793575d3a0fd441c7d491a2658c',NULL,'20250101000000',0,39),
	(232,'Talone','Andrew','atalone@knights.ucf.edu','6ec6ec90ea9c7d42299c45f620e03d5b2e5df8b1',NULL,'20250101000000',0,107),
	(233,'Gao','Chunming','chunming@uw.edu','4b5feb08d70615cf41b7e13ce691ad383b170c2c','1','20250101000000',0,133),
	(234,'Leune','Kees','leune@adelphi.edu','9564be55f23adbb8feba3730d04b900c71b2ddef',NULL,'20250101000000',0,1),
	(235,'Rheeder','Leon','rheedera@icloud.com','57ff710f49c7475b3962eca4a0737523d1341387',NULL,'20250101000000',0,0),
	(236,'saltz','jeff','jsaltz@syr.edu','6a281fcbf99cd2785277a2b09488b86250249f33',NULL,'20250101000000',0,92),
	(237,'Beaton','Brian','brbeaton@calpoly.edu','147e69eb934a51187e22bf4266e433a30b8d2c6c',NULL,'20250101000000',0,13),
	(238,'Torres','Marilyn','mtorre12@hawk.iit.edu','a05165cd4e2d24451ddf8f89ad57b6ebde2e14c8',NULL,'20250101000000',0,39),
	(239,'Zhou','Ping','jp.zhou.2008@sbcglobal.net','f2fff2bd2fa1f93b978d599f2d8a38eaae5c1a76',NULL,'20250101000000',0,39),
	(240,'McNett','Alicia','alm36@pct.edu','ea17867a000cfdff02b282578b01ed0f7dc343e9',NULL,'20250101000000',0,71),
	(241,'Cai','Yu','cai@mtu.edu','2b9150198b6e47371a75b27389cd4301720d12fa',NULL,'20250101000000',0,55),
	(242,'Jones','Elva','jonese@wssu.edu','24887ebc2a808be32d936e596c741982bee5d33e',NULL,'20250101000000',0,148),
	(244,'Hardt','Ryan','hardtr@uwec.edu','a1625187e61f7955d0aad30b0a822072c85d738a',NULL,'20250101000000',0,0),
	(245,'Hussey','Jason','jason.hussey@usma.edu','0f28f8d7234e6b6ad052e97969bd549fa271d657',NULL,'20250101000000',0,115),
	(246,'Lee','Kijung','kijung.lee@uc.edu','740cc19a0695cc757de9a7696db60f441073619d',NULL,'20250101000000',0,126),
	(247,'Gorka','Sandra','sgorka@pct.edu','32c1188618d2781556c80fedaa88c849c4f41ff3',NULL,'20190725180206',0,71),
	(248,'Chamberlin','John','john.chamberlin@usma.edu','d6c382ce64c7e60a29d9affcad7eb07af3d41156',NULL,'20250101000000',0,115),
	(254,'Stolley','Karl','kstolley@iit.edu','ecf84ac889aa83768b35b6548df594301345e3bb',NULL,'20250101000000',0,39),
	(255,'Kancherla','Venkata','vkancherla@hawk.iit.edu','7b3fc1d17b25e39dc4dfa28e1603cc1bd62b9001',NULL,'20250101000000',0,40),
	(256,'Seck','Jean','jseck1@hawk.iit.edu','8d89c1b4e7c20ddd74f35a60316b36488aeab305',NULL,'20250101000000',0,39),
	(257,'Zhang','Xin','yeshalongmeiyazai@163.com','b8d7ed03e29f1933528d2ec19a38354c7c84a0b6',NULL,'20250101000000',0,0),
	(258,'Deb','Debzani','debd@wssu.edu','f8358bc8dd1bd87bd0d176539560cc77f3528da1',NULL,'20250101000000',0,148),
	(259,'Ajanovski','Vangel','ajanovski@gmail.com','a29f15819a7107c879d5bdeb137b24a07ce57897',NULL,'20250101000000',0,26),
	(260,'French','Bryan','bdfvks@rit.edu','0aa81fdb4ec8f787c6420d621114ad8cfda45bc7',NULL,'20250101000000',0,77),
	(261,'Raina','Sagar','sagar.raina@msmc.edu','c72f39916aa1451224fbae1a7ebd57ca47737d18','1','20250101000000',0,59),
	(262,'Wisniewski','Pamela','pamwis@ucf.edu','d405db4f124ceab4c1ee74e4c8d890b4b1fcf491',NULL,'20250101000000',0,0),
	(263,'SUHY','ANDREW','suhya@ferris.edu','0cc075705d8ba534431cf0f69e538341866c87dd',NULL,'20250101000000',0,28),
	(264,'Appunn','Frank','fappunn@ncu.edu','8bb0f6d196f84a2006a068ed1b6e07f5a25cec46','1','20250101000000',0,63),
	(265,'Prabhakar','Annu','annu.prabhakar@uc.edu','e5db0f14a9b6c3e0dd20b69ebee42089f104901e',NULL,'20250101000000',0,126),
	(268,'Hill','Larry','lwhfac@rit.edu','74b597f65a84afdf25921986285d2a107cdce7c4','1','20250101000000',0,77),
	(269,'Yoas','Daniel','dyoas@pct.edu','8274dd5a8e869d907287ddf5956b2a05bb8df140',NULL,'20250101000000',0,0),
	(270,'Erdei','Ronald','erdei@uscb.edu','5ed289e0d383d5729502962fa5af7cff55803bb0','1','20250101000000',0,139),
	(271,'Canada','Brian','bcanada@uscb.edu','7604a27ff868916f5783ee6a65f01a757d34c9d0',NULL,'20250101000000',0,139),
	(272,'Alqubaiti','Zahra','zyusuf22@gmail.com','518b47db63a9e808a80ac1a334b511e376646026',NULL,'20250101000000',0,44),
	(273,'Roux','Diane','rouxd@clarkstate.edu','1dc80664909f18614441a097f66553896335edef','1','20250101000000',0,17),
	(274,'McHugh','Louis','lmchughi@iit.edu','a69befdb126258ff7ea0244e6838c21b7983cd65','1','20250101000000',0,39),
	(275,'Kochanov','Jane','jxs121@psu.edu','a6a983b6a34d41591c806d1aa78ff296adf57162','1','20250101000000',0,72),
	(276,'Ryu','Songhui','ryu26@purdue.edu','42b87869317eb11acb496576e82a2fc3d32d8c02',NULL,'20250101000000',0,75),
	(277,'Lewis','Adam','Adam.Lewis@athens.edu','bc9b63f175f4a6f2ecd80020ebe4bc3bb02a992b',NULL,'20250101000000',0,2),
	(278,'Lee','Pei-Ting','lee2521@purdue.edu','5279c750474416bfd66e277e0b86446d65947cff',NULL,'20250101000000',0,75),
	(279,'Mohammad','Fatma','fatma.mohamed@kustar.ac.ae','f3700a068cfc9226379ac54036f6e75ed3ec8c25',NULL,'20250101000000',0,45),
	(280,'Yadav','Nikhil ','yadavn@stjohns.edu','41a4d4b14d152a2cddb3c23b5675f24a5418d2f0',NULL,'20250101000000',0,87),
	(286,'Hajek','Jeremy','hajek@hawk.iit.edu','996f515eac6a2f3e310d20251cb2d72124de2611',NULL,'20250101000000',0,39),
	(287,'Botha','Reinhardt','ReinhardtA.Botha@nmmu.ac.za','d5fbd245c76448aedc1c15def5737e9833910ebf',NULL,'20250101000000',0,64),
	(288,'Bodea','Constanta','bodeaconstanta@gmail.com','6e5dbbb6900b916db5f00e18c39aefbf094c703f',NULL,'20170619032339',0,0),
	(291,'Kushalnagar','Raja','raja.kushalnagar@gallaudet.edu','9d4339806f1c03f8fd53e090bc76bd9bd85682b4',NULL,'20170619073438',0,30),
	(292,'Han','Meng','menghan@kennesaw.edu','5fb2331133d21819f06bb87f30a6560d3398ef96','1','20250101000000',0,44),
	(293,'Descos','Maxime','mdescos@hawk.iit.edu','17c9647d4b16b256b384caa26934b209ce4c2e0e',NULL,'20250101000000',0,39),
	(294,'Poe','La\'Reshia','lpoe@purdue.edu','29c8a1477607ffa9716b6b8a8c1905b085acee96',NULL,'20250101000000',0,75),
	(295,'Zhang','Jinghua','zhangji@wssu.edu','8d1925956c7f2ca8e81d13febd5d5e4b5a0683e1',NULL,'20250101000000',0,148),
	(296,'Rivière','Théo','triviere@hawk.iit.edu','b601f821d642ace0e1d6d6e2f967a1ec7fb74bcb',NULL,'20250101000000',0,39),
	(300,'Chung','Sam','samchung0117@gmail.com','9f375b2d029825f6b890da75661312ad29dc0bd2',NULL,'20170802184847',0,85),
	(301,'Chattopadhyay','Ankur','chattopa@uwgb.edu','6e80816a18ae261aeb0a70cab81decc7d247ed46','1','20250101000000',0,135),
	(302,'Beaton','Cathy','ciiics@rit.edu','30b776c8e64d4a0a4d00edc68e46e29c9051364b',NULL,'20250101000000',0,77),
	(303,'BENSASSI','Manel','bensassi.manel@gmail.com','24398273acd0c2d8a3eecfc357bc2c94c1e5c87b',NULL,'20250101000000',0,0),
	(310,'Bouhenguel','Redjem','rbouheng@broward.edu','b001b70626692fa961543bb533c8c590fd31f427',NULL,'20250101000000',0,11),
	(314,'Flaten','Alan','aflaten@broward.edu','0a6b46b35be0a0c2d73a538421570fc192f902a2',NULL,'20171005092450',0,11),
	(315,'Etter','Stephanie','Setter@broward.edu','c49c00a0057653f3b3aa7bd5fd7f547b7802bf9b',NULL,'20190701074912',0,11),
	(316,'Basavaraj','Prateek','prateek_basavaraj@knights.ucf.edu','ced0a7f86b3beb04770015537767c8af4e2cd4bd','1','20250101000000',0,107),
	(317,'Dafnis','Bill','Bill.dafnis@gmail.com','12f98832173b8560889b400cf183dfe3e033be25','1','20190702062317',0,14),
	(318,'Friedman','Rob','friedmanro@montclair.edu','907b6f8ba32d873ad7ba971e509d39b03c6d2efd',NULL,'20250101000000',0,57),
	(319,'Rangel','Eddie','edward.rangel@bakersfieldcollege.edu','b31c9f5ba704d99404dcd57c5344efe17a96c4fd',NULL,'20250101000000',0,6),
	(320,'Sree','Lakshmi','lsreeramareddy@salemstate.edu','45a33d22f22b9479691e9cfade4d0213a12daa45',NULL,'20250101000000',0,80),
	(321,'Johns-Boast','Lynette','lynette.johns-boast@anu.edu.au','5da8415a141b92165a75677fced9f8258e260a29',NULL,'20250101000000',0,4),
	(322,'Mikulić','Želimir','zelimir.mikulic@vus.hr','ee74f4fd38d6e557a560754c0490b22c1275d721','1','20250101000000',0,73),
	(323,'Arenas','Victor','varenas@broward.edu','518a1f4c73d56ad989b9e485a2853f5d95f9d6c2',NULL,'20250101000000',0,11),
	(324,'Berardinelli','Angela','aberardinelli@mercyhurst.edu','6803c7256b84359e492ce70bf11118e2d1259771',NULL,'20250101000000',0,52),
	(325,'Justice','Connie','cjustice@iupui.edu','6bc7d54474746a7c55cf08806f454704e58d9ffd',NULL,'20250101000000',0,74),
	(326,'Steinhardt','Lyle','lyle_Steinhardt@yahoo.com','1209adad919621c4b1114dee8fa0b10f55cb1d7e',NULL,'20250101000000',0,76),
	(327,'Abu AlMaati','Shereef','smaati@auk.edu.ke','00dcaf547c7420d6c621d57dc2c616646b39d2c0',NULL,'20250101000000',0,0),
	(328,'abu al-maati','shereef','smaati@auk.edu.kw','00dcaf547c7420d6c621d57dc2c616646b39d2c0',NULL,'20250101000000',0,0),
	(332,'Cadena','Susana','scadena@uce.edu.ec','df0ac4f85fe76192c3f72d0fc9ca9c49a56afefe',NULL,'20250101000000',0,119),
	(333,'Boisvert','Deborah','Deborah.Boisvert@umb.edu','cfb43c378375d20f8e59fc29d2c2a208c1bb6c8a',NULL,'20250101000000',0,109),
	(334,'Bailey','Margaret','mbbeme@rit.edu','68ab71ddb5b63306b92c532c3cab1ba79ae9a84c',NULL,'20170814221407',0,77),
	(335,'Atefeh','Mahdavi','amahdavi2015@my.fit.edu','28495851053590b86c2603c1d762613591a69759',NULL,'20250101000000',0,0),
	(336,'Grant','DC','dcgrant@uw.edu','b355d42316a5ece5d6297026daa62083e834403e',NULL,'20250101000000',0,133),
	(337,'Gibbons','Thomas','tgibbons@css.edu','1c75fadc6c188e105fdd53896b6ab140cbfda9a1',NULL,'20250101000000',0,154),
	(338,'Olson','Brandon','bolson1@css.edu ',NULL,NULL,NULL,0,154),
	(339,'Hall','Kenneth','hall1kw@cmich.edu','9c80a64e937b7d531f7b71702d3f548cf1542120',NULL,'20180726194153',0,16),
	(340,'Bringula','Rex','rex.bringula@ue.edu.ph','e28aae2371055cae729470d6272178dbad6a9d2e','1','20250101000000',0,132),
	(341,'Adrales','Ulyses Edcel','ulysesadrales@gmail.com',NULL,NULL,NULL,0,132),
	(342,'Alidio','Prince Edward','princealidio@gmail.com',NULL,NULL,NULL,0,132),
	(343,'Lacbayan III','Benjamin','LacbayanIII@gmail.com',NULL,NULL,NULL,0,132),
	(344,'Mendezabal','Jay','mendezabaljay@gmail.com',NULL,NULL,NULL,0,132),
	(345,'Adrales','Ulyses Edcel','ulysesadrales@gmail.com',NULL,NULL,NULL,0,132),
	(349,'Moloo','Raj','r.moloo@uom.ac.mu','37c36e8fc63a8a405d2ec979c43c8c84589ccf8f',NULL,'20250101000000',0,157),
	(350,'Khedo','Kavi','k.khedo@uom.ac.mu',NULL,NULL,NULL,0,157),
	(351,'Prabhakar','Tadinada Venkata ','tvp@iitk.ac.in',NULL,NULL,NULL,0,141),
	(352,'Mutsuddi','Adity','adity.mutsuddi@uc.edu','e6a523112c7ef27a5ff21694694cb78e07f61ca2',NULL,'20250101000000',0,126),
	(353,'Mendez Mena','Diego ','dmendezm@purdue.edu','c2c0c33a504209b6936b29054f6db2b42c5612c8',NULL,'20250101000000',0,75),
	(354,'Carneiro de Paula','Virginia','carneirv@palmbeachstate.edu','5fb9e7d5539fddbc9201d5abff03b857d197a664','1','20250101000000',0,161),
	(355,'Fowler','Allan','afowle56@kennesaw.edu','daa2253fc5315d70fef960f9401ebba983f26ec0',NULL,'20250101000000',0,44),
	(356,'Ni','Sherry','sni@kennesaw.edu',NULL,NULL,NULL,0,44),
	(357,'Preston','Jon','jprest20@kennesaw.edu',NULL,NULL,NULL,0,44),
	(358,'Wang','Zhao','wangzhao@pku.edu.cn','097a10a5c606dd3f37385e00591db234678b20f0',NULL,'20250101000000',0,205),
	(359,'Reay','Stefanie','stefanie.reay@capella.edu','bc40a00d0b2b4d1b53e279abb386fb29269e77da',NULL,'20180709120156',0,14),
	(362,'Murray','Scott','rsmurray1@gmail.com','a0df6c2ac69b23fd792369b1a8357520f614e9ac',NULL,'20250101000000',0,206),
	(363,'Raj','Rajendra','rkr@cs.rit.edu',NULL,NULL,NULL,0,77),
	(364,'Tomás','Gonçalo','goncalotomas@ist.utl.pt','041d5334ab3255b1056439175774b57975e1924d',NULL,'20250101000000',0,163),
	(365,'Hislop','Gregory','hislop@drexel.edu','b6fc7e11ac78d15c2ea2e8f6e998ef2c18c46aa8','1','20250101000000',0,190),
	(366,'McCoey','Margaret','mccoey@lasalle.edu',NULL,NULL,NULL,0,48),
	(367,'Zou','Heng','zouh1@student.lasalle.edu',NULL,NULL,NULL,0,48),
	(368,'Park','Young','young@bradley.edu','6d7a5a6a6969fff8a68df85ab6d683de1c23983a',NULL,'20250101000000',0,9),
	(369,'Mira da Silva','Miguel','mms@ist.utl.pt',NULL,NULL,NULL,0,163),
	(370,'Bidarra','José','Jose.Bidarra@uab.pt',NULL,NULL,NULL,0,167),
	(371,'Melosantos','Laurenz','laurenzsimelosantos@gmail.com',NULL,NULL,NULL,0,132),
	(372,'Tarrosa','Jose Rudolfo','tarrosajrooo@gmail.com',NULL,NULL,NULL,0,132),
	(373,'Melosantos','Laurenz','laurenzsimelosantos@gmail.com',NULL,NULL,NULL,0,132),
	(374,'Tarrosa','Jose Rudolfo','tarrosajrooo@gmail.com',NULL,NULL,NULL,0,132),
	(375,'Melosantos','Laurenz','laurenzsimelosantos@gmail.com',NULL,NULL,NULL,0,132),
	(376,'Tarrosa','Jose Rudolfo','tarrosajrooo@gmail.com',NULL,NULL,NULL,0,132),
	(377,'Corral','Luis','lrcorralv@itesm.mx',NULL,NULL,NULL,0,168),
	(378,'Liu','Hui','liuhui1126@dlut.edu.cn','795f205218768f699bc2e65eeffe7ae588f6b13b',NULL,'20250101000000',0,169),
	(379,'Liu','Xinyang','Lxy41@mail.dlut.edu.cn',NULL,NULL,NULL,0,169),
	(380,'Zhao','Yuqiao','yuqiao@mail.dlut.edu.cn',NULL,NULL,NULL,0,169),
	(381,'Xiong','Chuyuan','chuyuan@mail.dlut.edu.cn',NULL,NULL,NULL,0,169),
	(382,'Lyu','Ying','Lxy41@mail.dlut.edu.cn',NULL,NULL,NULL,0,169),
	(383,'Liu','Xinyang','Lxy41@mail.dlut.edu.cn',NULL,NULL,NULL,0,169),
	(384,'Zhao','Yuqiao','yuqiao@mail.dlut.edu.cn',NULL,NULL,NULL,0,169),
	(385,'Xiong','Chuyuan','chuyuan@mail.dlut.edu.cn',NULL,NULL,NULL,0,169),
	(386,'Lyu','Ying','Lxy41@mail.dlut.edu.cn',NULL,NULL,NULL,0,169),
	(387,'O. Arney','Todd','toarney@mtu.edu','2aeb081d699ef630d9ec8cbbc668f69b0274e5f2',NULL,'20181003123040',0,55),
	(388,'Matz','Robert','rmatz@gmu.edu',NULL,NULL,NULL,0,31),
	(389,'Redfearn','Brady','brady_redfearn@byu.edu','81909846099d10ec8ea9c8dd678f568efa589968','1','20250101000000',0,10),
	(390,'Luo','Xinjian','xinjianluo@sjtu.edu.cn','6194ad9f94ae49266aeb7a9bd7cf8df112203a3f',NULL,'20250101000000',0,170),
	(391,'Deng','Qianni','qndeng@sjtu.edu.cn','32e23c75ed993c98d0a2d59e52e2cc1a0933557c',NULL,'20180718041510',0,170),
	(392,'Liao','Tao','liaotao1994@sjtu.edu.cn',NULL,NULL,NULL,0,170),
	(394,'Luo','Xiao','luo25@iupui.edu','3f3326daa69e1cf4ec828f4a8f1d416b93920746',NULL,'20250101000000',0,74),
	(395,'bogaard','Test','profbogaard@gmail.com','2ae17188315e59db710b64181eff5acc546ce102',NULL,'20250101000000',0,1),
	(396,'Sampat','Vineet Jitendra','vsampat@hawk.iit.edu','4e1688cc190b0865399a584da84ffc506bdc5164',NULL,'20250101000000',0,39),
	(397,'Hajek','Jeremy','hajek@iit.edu','feeeb5953958fb80e501933b45798e5874a6e65e',NULL,'20190724110435',0,39),
	(398,'Gamage','Dilrukshi','dilrukshi.gamage@gmail.com','86ebff3000c41b2c1eb39808e38b910a194acf19',NULL,'20250101000000',0,173),
	(399,'Wong','Chris','chris.wong@uts.edu.au','39419e48d356b516dac532bc8ad4cc8d119422af','1','20250101000000',0,174),
	(400,'Leite','Pedro','pleite@donnelly.edu','252591c25e824c0adeeba8919dee0b942df42e37',NULL,'20250101000000',0,175),
	(401,'Jones','Berin','jonesberin@gmail.com','77a6acf447c295b0feb4e7041865f28bb9bfd0c6',NULL,'20250101000000',0,26),
	(402,'Mustafa','Yousif','ymustafa@heidelberg.edu','c9f8e0a9c34944e40890ace5fb0cc643a7872c3d',NULL,'20250101000000',0,177),
	(403,'Badillo-Urquiola','Karla','kurquiola10@hotmail.com','d8d5db84fa1a49bbe69af75d246053bdd6df1352',NULL,'20250101000000',0,107),
	(404,'He  ','Selena','she4@kennesaw.edu','8278fc633e235f87a0d2749bd56c5a8a191ed136',NULL,'20250101000000',0,44),
	(405,'Han','Meng','mhan9@kennesaw.edu','5fb2331133d21819f06bb87f30a6560d3398ef96','1','20250101000000',0,44),
	(406,'Bobbie','Patrick','pbobbie@kennesaw.edu',NULL,NULL,NULL,0,44),
	(414,'Rahman','Farzana','farahman@fiu.edu','0c283ae65f1ce38e86fee1d5ca5e223f5eb1eb45',NULL,'20250101000000',0,178),
	(416,'Cleveland','Simon','simoncleveland@cityu.edu','b951809385fe2f11f9fb33c40a5acd745149b94f',NULL,'20250101000000',0,180),
	(417,'Gould','David','dagould@cityu.edu',NULL,NULL,NULL,0,180),
	(418,'Block','Gregory','blockgregory@cityu.edu',NULL,NULL,NULL,0,180),
	(419,'McNett','Alicia','amcnett@pct.edu',NULL,NULL,NULL,0,71),
	(420,'Miller','Jacob','jmiller3@pct.edu',NULL,NULL,NULL,0,69),
	(421,'Webb','Bradley','bwebb@pct.edu',NULL,NULL,NULL,0,71),
	(422,'Kiyomitsu','Hidenari','kiyomitu@kobe-u.ac.jp','e2681ad2a13530970e8fdbec1b1b53bbbc1ca1b8',NULL,'20250101000000',0,181),
	(423,'Faggiano','Anais','afaggiano@hawk.iit.edu','fe52e04f8aa2583cb79cf908a9acc66bbb03ed07',NULL,'20250101000000',0,39),
	(424,'Shi','Lei','lei.shi@liverpool.ac.uk','0d44907e09fb65d13ecffea272a3191dc6036ad6',NULL,'20250101000000',0,182),
	(425,'McConnell','John','Jm3967@mynsu.nova.edu','5811bbd0430c10fc75ce1999675e25af44039dfa',NULL,'20250101000000',0,183),
	(426,'Rague','Brian','brague@weber.edu','ffd9c2df09ef9cbdd14a4641d3ddccf4433ddfbe',NULL,'20250101000000',0,184),
	(427,'McMaster','Kirby','kmcmaster@weber.edu',NULL,NULL,NULL,0,184),
	(428,'Sambasivam','Samuel','ssmbasivam@apu.edu',NULL,NULL,NULL,0,0),
	(429,'Wolthuis','Stuart','stuartlw@byuh.edu',NULL,NULL,NULL,0,187),
	(430,'Sambasivam','Samuel','ssambasivam@apu.edu',NULL,NULL,NULL,0,185),
	(431,'Bassetti','Federico','fbassetti@blackhawk.edu','a55258f4a6ac997c04a54c5234bb97560cee362c',NULL,'20250101000000',0,188),
	(432,'Pentzke','Luis','lpentzke@broward.edu','548980677615a44c6807d288b5df1dfb6a265942',NULL,'20180704054101',0,11),
	(433,'Shao','Dan','shao117@purdue.edu','b92311d49d2e1276f2c6714b24508a85e694a468',NULL,'20250101000000',0,75),
	(434,'Yu ','Qi','qi.yu@rit.edu','c9bc87237451da22d927008bb343cd37b9245f13','1','20250101000000',0,77),
	(435,'Golen','Erik','efgics@rit.edu','edfede5c86224139a5f102108e088f949cf51ce0','1','20250101000000',0,77),
	(436,'Hilt','Michael',' hiltm@purdue.edu',NULL,NULL,NULL,0,75),
	(437,'Al-Baity','Heyam','halbaity@ksu.edu.sa','1c18d039bc42effa17134ae312557df73edff7d1',NULL,'20250101000000',0,47),
	(438,'Awojana','Tolulope','awojanat17@students.ecu.edu','a9984c21e45f35523e6665b860b8e37258abefe3',NULL,'20250101000000',0,21),
	(439,'Alsaeed','Duaa','dalsaeed@ksu.edu.sa',NULL,NULL,NULL,0,47),
	(440,'Bayoumi','Sahar','sahali@ksu.edi.sa',NULL,NULL,NULL,0,47),
	(441,'Al-Twairesh','Nora','twairesh@ksu.edu.sa',NULL,NULL,NULL,0,47),
	(442,'Yan','Mingyuan','myan@ung.edu','69091bf360e949ae5697dbd8615f27c0d3b6c321',NULL,'20250101000000',0,208),
	(443,'Solis','Tiana','tsolis@cis.fiu.edu',NULL,NULL,NULL,0,178),
	(444,'Tibaquira','Diego','dtibaqui@mdc.edu','61202737ff2e9aef9fa6dc7149722d02129ff016',NULL,'20250101000000',0,189),
	(445,'Hutchison','Malcolm','malcolm_hutchison@acm.org','2df69aecbc20ed2a641b38c700e4619f2424cff5',NULL,'20250101000000',0,191),
	(446,'Lunt','Barry','lunt@byu.edu',NULL,NULL,NULL,0,10),
	(447,'Zilora','Stephen','Stephen.Zilora@rit.edu',NULL,NULL,NULL,0,77),
	(448,'Tatum','Dawn','dtatum7@kennesaw.edu',NULL,NULL,NULL,0,44),
	(449,'VandeVen','Susan','svandev@kennesaw.edu',NULL,NULL,NULL,0,44),
	(450,'Halstead-Nussloch','Richard','rhalstea@kennesaw.edu','c043732d2774cb4f4bd13b9ff48fcb623c7b69ed','1','20250101000000',0,44),
	(451,'Rutherfoord','James','jruther3@kennesaw.edu',NULL,NULL,NULL,0,44),
	(452,'Yuan','Andrew','rachel.fang6@gmail.com','fbc78513b9b8861d81f70a80b258919d8f3fae45',NULL,'20250101000000',0,193),
	(453,'Ke','Fengfeng','fke@admin.fsu.edu',NULL,NULL,NULL,0,192),
	(454,'Yuan','Andrew','rachel.fang6@gmail.com',NULL,NULL,NULL,0,0),
	(455,'Naglieri','Raymond ','rjn15b@my.fsu.edu',NULL,NULL,NULL,0,192),
	(456,'Yuan','Xin ','xyuan@cs.fsu.edu',NULL,NULL,NULL,0,192),
	(457,'Shakdher','Arjun','arjunshakdher@purdue.edu',NULL,NULL,NULL,0,75),
	(458,'Agrawal','Suyash','agrawa80@purdue.edu',NULL,NULL,NULL,0,75),
	(461,'Francois dit Hardy','Clement','cfrancoisdithardy@hawk.iit.edu','7a0689ac6906ee0215f4e3f2a5517af19d08ebc5',NULL,'20250101000000',0,40),
	(462,'Buisson-Chavot','Alexandre','abuissonchavot@hawk.iit.edu',NULL,NULL,NULL,0,40),
	(463,'Leonard','Blessing','blessing.leonard@ubalt.edu',NULL,NULL,NULL,0,123),
	(464,'Jones','John','jonesjo@ecu.edu',NULL,NULL,NULL,0,21),
	(465,'Wu','Wenjie','wu1116@purdue.edu',NULL,NULL,NULL,0,75),
	(466,'Xu','Zhenzhi','xu933@purdue.edu',NULL,NULL,NULL,0,0),
	(467,'Chen','Yingjie','victorchen@purdue.edu',NULL,NULL,NULL,0,75),
	(468,'Chung','Sam','chungsam@cityu.edu','1c09e5e2107740893c7d1aab3dde3ec9aec2de91',NULL,'20250101000000',0,180),
	(469,'Teng','Chia-Chi','ccteng@byu.edu','07068276e788fc333c255688277dda18e958e06b','1','20250101000000',0,10),
	(470,'Trygstad','Ray','trygstad@iit.edu','004744c1c678678cb7f762d8406a0428a4e31592',NULL,'20200108171901',0,39),
	(471,'Arguillere','Paul','parguillere@hawk.iit.edu',NULL,NULL,NULL,0,40),
	(472,'Loucel','Vincent','vloucel@hawk.iit.edu',NULL,NULL,NULL,0,40),
	(473,'Al Habash','Nour','nalhabash@hawk.iit.edu',NULL,NULL,NULL,0,40),
	(474,'BORROMEO','JERRY','jerry_borromeo@yahoo.com','7eca0372414b0c7d0376982d344d9756d3c14d96',NULL,'20250101000000',0,196),
	(475,'Badillo-Urquiola','Karla','kcurquiola10@knights.ucf.edu','78f225eb4c342085bcf7a4dae6622c845399a2e2',NULL,'20180718130843',0,107),
	(476,'Garibay','Ivan','igaribay@ucf.edu',NULL,NULL,NULL,0,107),
	(477,'Wisniewski','Pamela','pamela.wisniewski@ucf.edu',NULL,NULL,NULL,0,107),
	(478,'Eglowstein','Howard','Howard.Eglowstein@unh.edu',NULL,NULL,NULL,0,113),
	(479,'Estes','Tanya','tanya.estes@usma.edu',NULL,NULL,NULL,0,115),
	(480,'Kranch','Michael','michael.kranch@gmail.com',NULL,NULL,NULL,0,115),
	(481,'Shahriar','Hossain','hshahria@kennesaw.edu','2340f626c71bc466e6ea3fd0b3f48a358f6e02fb',NULL,'20250101000000',0,44),
	(482,'Major','Keith','keith.major@usma.edu',NULL,NULL,NULL,0,115),
	(483,'Frame','Debra','debra.frame@uc.edu',NULL,NULL,NULL,0,126),
	(484,'Nersesian','Eric','en6@njit.edu','2d64b950d4eaf445eaf9624aab72275b37438b69',NULL,'20250101000000',0,197),
	(485,'Spryszynski','Adam','as2569@njit.edu',NULL,NULL,NULL,0,197),
	(486,'Haynes','Ronald','rsh27@cam.ac.uk','03f94c29b1784fb398f6a793bc4968574f694010',NULL,'20250101000000',0,198),
	(487,'Solis','Tiana','tsolis@fiu.edu','9f5c792365511a6628adcf87bbefd744798c9e60',NULL,'20250101000000',0,178),
	(488,'Kim','Karis','skim144@students.kennesaw.edu',NULL,NULL,NULL,0,44),
	(489,'Whitley','Patricial','pwhitle1',NULL,NULL,NULL,0,44),
	(490,'Talukder','MD Arabin Islam','mtalukd1@students.kennesaw.edu',NULL,NULL,NULL,0,44),
	(491,'Bronte','Robert','rbronte@coloradotech.edu',NULL,NULL,NULL,0,44),
	(492,'Mohmedkhair','Noureldien','noureldien@hotmail.com','ca9ec1832fc6adb200c3cb506c8ccb2c0216d6f1',NULL,'20190615140739',0,201),
	(493,'Maiti','Richard','maitir@berea.edu','668622b6d6618171ab0cb81135b71aeebcf64736',NULL,'20250101000000',0,202),
	(494,'Krasnov','Aleksandr','krasnova@berea.edu',NULL,NULL,NULL,0,202),
	(495,'Wilbourne III','M. Edward','mw1313@mynsu.nova.edu',NULL,NULL,NULL,0,183),
	(496,'Pahl','Claus','claus.pahl@unibz.it',NULL,NULL,NULL,0,29),
	(498,'Kannan','Vinesh','v@hawk.iit.edu','229b12a736f58f31eebe6f99218635ce09c7e658',NULL,'20250101000000',0,39),
	(499,'Elliott','Rob','elliott@iupui.edu','c71db251fa8f81709a66e0b706e45d821ec37aa1',NULL,'20250101000000',0,172),
	(500,'Dulla','Godfrey','gldulla@yahoo.com','ea3a9701f509ac81273f33cad5a23c60643abe27',NULL,'20250101000000',0,196),
	(501,'Gerardo','Bobby','bgerardo@wvsu.edu.ph',NULL,NULL,NULL,0,196),
	(502,'Medina','Ruji','ruji_p_medina@gmail.com',NULL,NULL,NULL,0,196),
	(503,'Colombi','Alessandro','Alessandro.Colombi@unibz.it',NULL,NULL,NULL,0,29),
	(504,'Basso','Demis','demis.basso@unibz.it',NULL,NULL,NULL,0,29),
	(506,'Day','Craig','Day1ct@cmich.edu',NULL,NULL,NULL,0,16),
	(507,'Ebenezer','Mercy','mercyebe@uw.edu',NULL,NULL,NULL,0,203),
	(508,'Gordon','Collin','colntrev@uw.edu',NULL,NULL,NULL,0,203),
	(512,'Suthaharan','Shan','s_suthah@uncg.edu','0537d72f99a6c909aef271a71d19dd80d3586535',NULL,'20250101000000',0,204),
	(513,'Sanchez','Jaime','jcantossanchez@hawk.iit.edu',NULL,NULL,NULL,0,39),
	(514,'Aldawood','Ahmed','aaldawood@hawk.iit.edu',NULL,NULL,NULL,0,39),
	(515,'Lee','Sangyun','slee221@hawk.iit.edu',NULL,NULL,NULL,0,39),
	(516,'Vadakattu','Vishali','v_vadaka@uncg.edu',NULL,NULL,NULL,0,204),
	(517,'Hempenius','Nicholas','hempeniusn15@students.ecu.edu','4863bd7d018f65a578048c7b08978eaa85f5d36c',NULL,'20250101000000',0,21),
	(518,'Toderick','Lee','toderickl@ecu.edu',NULL,NULL,NULL,0,21),
	(519,'Dafnis','Bill','bill.dafnis@capella.edu',NULL,NULL,NULL,0,14),
	(520,'Faggiani','Kathy','kathy.faggiani@capella.edu','3085c87d99da334a0c572c78043d50067d2b48e7',NULL,'20180718183412',0,14),
	(521,'Ennis','Emily','eennis@students.kennesaw.edu',NULL,NULL,NULL,0,44),
	(522,'Tacca','Nolan','ntacca@students.kennesaw.edu',NULL,NULL,NULL,0,44),
	(523,'Zhang','Chi','cz',NULL,NULL,NULL,0,44),
	(524,'Lu','Yunmei','heatherluym@gmail.com',NULL,NULL,NULL,0,0),
	(525,'Yang','Qingliang','qyang5@students.kennesaw.edu',NULL,NULL,NULL,0,44),
	(526,'Zhang','Yanqing','yzhang@gsu.edu  ',NULL,NULL,NULL,0,34),
	(527,'Shekhar','Shephalika','sshekhar1@hawk.iit.edu',NULL,NULL,NULL,0,39),
	(528,'Jose','Alisha Anna','ajose1@hawk.iit.edu',NULL,NULL,NULL,0,39),
	(529,'Rai','Sunil Kumar','srai@hawk.iit.edu',NULL,NULL,NULL,0,39),
	(530,'Zhang','Chi','czhang4@kennesaw.edu',NULL,NULL,NULL,0,44),
	(531,'Liu','Mengran','mliu99@cdm.depaul.edu',NULL,NULL,NULL,0,39),
	(532,'Srinivasan','Sridhar','ssrinivasan@hawk.iit.edu',NULL,NULL,NULL,0,39),
	(533,'Taehun','Kim','ktaehun@hawk.iit.edu',NULL,NULL,NULL,0,39),
	(534,'Atapattu','Charith','charith.atapattu@siu.edu',NULL,NULL,NULL,0,85),
	(535,'Quigley','Elizabeth','quige24@uwgb.edu',NULL,NULL,NULL,0,135),
	(536,'Hart','Rachel','HARTRL12@uwgb.edu',NULL,NULL,NULL,0,135),
	(537,'Petty','Sallie','pettsm17@uwgb.edu',NULL,NULL,NULL,0,135),
	(538,'Meyers','Jared','jaredjmeyers@gmail.com',NULL,NULL,NULL,0,10),
	(539,'Giboney','Justin','justin_giboney@byu.edu','430c6835f133c010fc2f56f2b0b7f44aa658efe0','1','20190710110940',0,10),
	(540,'Christian','David','CHRIDL31@uwgb.edu',NULL,NULL,NULL,0,135),
	(541,'Ulman','Adam','ulmaam23@uwgb.edu',NULL,NULL,NULL,0,135),
	(542,'Singh','Chandrani','singh.chandrani@gmail.com','fad82ef12e2895cd5eb286dd65bbdb0b741ccc50',NULL,'20250101000000',0,207),
	(543,'Shatdarsanam','Sravani','sshatdarsanam@hawk.iit.edu','e1cef2b2ff56f7fffade5d515909e9e4f3d0344d',NULL,'20250101000000',0,39),
	(544,'Kiskis','Akvile','akiskis@hawk.iit.edu','b6a33be264f6365a731112e0bb885d7fa5f4630e',NULL,'20250101000000',0,39),
	(545,'Ibrahimpatanam','Sowmya ','vibrahimpatanam@hawk.iit.edu','1156dae81db6c3b7f0ba497588045f8dee3151c1',NULL,'20250101000000',0,39),
	(546,'Solanki','Himani','hsolanki@hawk.iit.edu','d407e71d80a8892d242eaf8e6457e639601ae454',NULL,'20250101000000',0,40),
	(547,'DHUNGANA','ASHOK','ISLINGTON.ASHOK@GMAIL.COM','fd4dc8bb4dc3c15973e98efc850f361fbf3f4772',NULL,'20250101000000',0,0),
	(548,'Ayers','Tom','tayers@broward.edu',NULL,NULL,NULL,0,11),
	(549,'Sneha','Sweta','ssneha@kennesaw.edu',NULL,NULL,NULL,0,44),
	(550,'Li ','Zhigang','zli8@kennesaw.edu','d570a29453e3cde28f280eee6e49e7fc502daa7c','1','20250101000000',0,44),
	(555,'Yalka','Marla','aleksamila07@gmail.com','99371dc183a38150305cafe17a6bf3c74d7190ab',NULL,'20250101000000',0,0),
	(556,'flintstone','fred','dsbics@rit.edu',NULL,NULL,NULL,0,77),
	(557,'Another','Jimmy','fred@rit.edu',NULL,NULL,NULL,0,212),
	(558,'Tian','Xin','xtian2@kennesaw.edu','ca8c5c4088866562a4a93f8250db4f9795e6f52b',NULL,'20250101000000',0,44),
	(559,'Gamrat','Chris','cwg118@psu.edu','9aceb944b273a34651ab257d7669743d1a86f709',NULL,'20250101000000',0,72),
	(560,'Becker','Richard','rbecker@olympic.edu','76c487406efc4d91552fd3afc98197b4daed5e1f',NULL,'20250101000000',0,212),
	(561,'IGNACO','MARY ANN','maignaco.thesis@gmail.com','4816e2a162402eeb2b471a1ed1e1eee49b268fea',NULL,'20250101000000',0,213),
	(562,'Mickel','Jason','mickelj@wlu.edu','d3f25e4b2df45f8b8fc7ba7b493839b2f3a816fe','1','20250101000000',0,214),
	(563,'Colvin','Erin','dr.erincolvin@yahoo.com','84da2739aae0c9e6d541cd911c210ac49d9f8499','1','20250101000000',0,271),
	(564,'Emani','Rahul','rqe5116@psu.edu','bca7c1f41b77a0f18bfc1fc63b253d429b5ad260',NULL,'20250101000000',0,72),
	(565,'GONEDA','MAMERTO','mamertogoneda@yahoo.com','4cddb51184e96276db2886a4fc861cbf5dfd4569',NULL,'20250101000000',0,215),
	(566,'GONEDA','MAMERTO','mertzgoneda@hotmail.com','4cddb51184e96276db2886a4fc861cbf5dfd4569','1','20250101000000',0,215),
	(568,'McCoey','Margaret',' mccoey@lasalle.edu',NULL,NULL,NULL,0,48),
	(569,'Zou','Heng',' zouh1@student.lasalle.edu',NULL,NULL,NULL,0,48),
	(570,'Devine','Thomas','tdevine1@fairmontstate.edu','01bba5f6d8de94af9bb084bdf16a5a490216c4f9','1','20250101000000',0,216),
	(571,'Jin','Wei','wjin@ggc.edu','d3b058a70e9caf588ad7fa82424536360330c124',NULL,'20190519134930',0,32),
	(572,'Bossard','Antoine','abossard@kanagawa-u.ac.jp','dc71cc036c440d3ac1f75627c5e1ebb3244d61ef',NULL,'20250101000000',0,217),
	(573,'Kaneko','Keiichi','k1kaneko@cc.tuat.ac.jp',NULL,NULL,NULL,0,218),
	(574,'Berger','Akiva','akiva10b@gmail.com','5dd381aad1de6395f62812fa7fc909b671828e29',NULL,'20250101000000',0,0),
	(575,'Price','Rick','rprice@ggc.edu','108cb289431968b440652f81a4535b10674ef28a','1','20250101000000',0,32),
	(576,'Martin','Nancy','nlmartin@siu.edu','1f1cfdd0890702c13779e864db2348c462d46ee1','1','20250101000000',0,84),
	(579,'Blum','Thomas','blum@lasalle.edu',NULL,NULL,NULL,0,48),
	(581,'Khokhar','Umar','ukhokhar@ggc.edu','daaa3cc416f8c760226eccb846038d56fb8795bb','1','20250101000000',0,32),
	(582,'Tran','Binh','btran5@ggc.edu',NULL,NULL,NULL,0,32),
	(583,'McReynolds','Kevin','kevin.mcreynolds@wgu.edu','fa7199b5c8bcc674954ca6cc2b904f46c86b415f','1','20250101000000',0,144),
	(584,'Lincourt','David','david.lincourt@sap.com','473f57f6dfa97de04e5ca9535f96282ff377cf49',NULL,'20250101000000',0,0),
	(585,'Sturzinger','Eric','eric.sturzinger@westpoint.edu','e5d1df4f8502bcf2bbc43065bd540afa31118a72','1','20250101000000',0,115),
	(586,'Akgun','Mahir','mahirakgun@gmail.com','fd93a8e28a45bda853b1b4b6c7056051592c469a','1','20250101000000',0,222),
	(587,'Tietjen','Phil ','Philip.Tietjen@stockton.edu',NULL,NULL,NULL,0,0),
	(588,'Asino ','Tutaleni ','tutaleni.asino@okstate.edu',NULL,NULL,NULL,0,0),
	(589,'Glantz','Edward','edward.glantz@psu.edu',NULL,NULL,NULL,0,222),
	(590,'Tietjen ','Phil ','ptietjen@gmail.com',NULL,NULL,NULL,0,223),
	(591,'Asino','Tutaleni','tutaleni.asino@gmail.com',NULL,NULL,NULL,0,224),
	(592,'Rockenstire','Brianna','brianna.rockenstire@lwtech.edu','bc93f4e90ccb1450e9f08ae4e4d3d4eff83a43b1',NULL,'20250101000000',0,225),
	(593,'Keller','Thomas','kell@zhaw.ch','f3c96afc9feb1faa1ec09955cd137f565db6e0ba','1','20250101000000',0,226),
	(594,'Brucker-Kley','Elke','brck@zhaw.ch',NULL,NULL,NULL,0,226),
	(595,'Harvie','David','david.harvie@westpoint.edu','01277ec00063f8994e320695508cbf96a35e240c','1','20250101000000',0,115),
	(596,'Deltel','Clement','cdeltel@hawk.iit.edu','a3fa7ce47c7ea2b0c023e418ac9c90b735c33dcb',NULL,'20250101000000',0,40),
	(597,'Andrieux','Flavien','fandrieux@hawk.iit.edu',NULL,NULL,NULL,0,40),
	(598,'Thompson','Craig','cthompson1@hawk.iit.edu','6bc245bb69abcb8fb22580537b56fadcf2cc49a4',NULL,'20250101000000',0,39),
	(599,'Lazaro','Caterina','clazarom@hawk.iit.edu','d5c467993502e9f23997a4af577564743260f55d',NULL,'20250101000000',0,39),
	(600,'SANTOS','NESTOR','nestorfsantos@gmail.com','8aedcdfb22ba713876b24fdecdd767d80bb1d7b1',NULL,'20190617103750',0,227),
	(601,'TORRES','MARTHA','mltorres@uis.edu.co',NULL,NULL,NULL,0,227),
	(602,'Hancen','Noah','hancen@wwu.edu',NULL,NULL,NULL,0,0),
	(603,'Corral','Luis','lrcorralv@tec.mx',NULL,NULL,NULL,0,0),
	(604,'Pahl','Claus','claus.pah@unibz.it',NULL,NULL,NULL,0,29),
	(605,'Hills','Michael','mkh179@ist.psu.edu','6fe163e10b6cd617613a1cf15f869e7ef69d66a7',NULL,'20250101000000',0,222),
	(606,'Brown','Carson','CMB6573@PSU.EDU',NULL,NULL,NULL,0,222),
	(607,'Gamrat','Chris','CWG118@ist.psu.edu',NULL,NULL,NULL,0,222),
	(608,'Matthews','Suzanne','suzanne.matthews@westpoint.edu','f5ce3f31d9fa56acba3c7d462d4816599536bf6e','1','20250101000000',0,115),
	(609,'Moody','William','william.moody@westpoint.edu',NULL,NULL,NULL,0,115),
	(610,'Sleeman','Carlie','Carlie.Sleeman@westpoint.ed',NULL,NULL,NULL,0,115),
	(611,'Baciu-Ureche','Ovidiu-Gabriel','ovidiu-gabriel.baciu-ureche.ro@westpoint.edu',NULL,NULL,NULL,0,115),
	(614,'Hills','Michael','mkh179@psu.edu',NULL,NULL,NULL,0,222),
	(615,'Glantz','Edward','ejg8@psu.edu',NULL,NULL,NULL,0,222),
	(616,'Gamrat','Christopher','cwg118@psu.edu',NULL,NULL,NULL,0,222),
	(617,'ABISADO','MIDETH','mideth.b.abisado@gmail.com','cea295f6886942dd10d882f077feac866e6cdc35','1','20250101000000',0,251),
	(618,'Hossain','Mohammed','nafiz.hossain@mail.utoronto.ca','ad547e66cf5e063d2d8f94248edc72dc10c1e6b8',NULL,'20250101000000',0,230),
	(619,'Hawthorne','Daniel','daniel.hawthorne@westpoint.edu',NULL,NULL,NULL,0,115),
	(620,'Babbitt','Thomas','thomas.babbitt@westpoint.edu',NULL,NULL,NULL,0,115),
	(621,'White','Laurie','lauriewhite@google.com','ef566ed023d4532f3d1d5923783ee0faf399d884',NULL,'20250101000000',0,231),
	(622,'Lee','Robert','robert.leefam@gmail.com','22d4245bf5178996b9f7782472de5bf1e44518d4',NULL,'20250101000000',0,10),
	(623,'Vicente ','Lorenzo ','lorenzo.vicente@thomas.edu','4a8954f621e0831c91301cbb835c84e1be8dd723','1','20250101000000',0,232),
	(624,'de Ribaupierre','helene','deribaupierreH@cardiff.ac.uk','d2435e73087ba869f1c158a6bc828c435846b09d','1','20250101000000',0,233),
	(628,'Park','Hyesung','hpark7@ggc.edu','7f220ce04f269e473856cb75224a73bdc467a40c','1','20250101000000',0,220),
	(631,'Plantz-Masters','Shari','splantzmasters@regis.edu','556b63514ac9f7b95d17dba824cd1588d21c58b4',NULL,'20250101000000',0,76),
	(632,'Engelke','Charles ','engelke@google.com',NULL,NULL,NULL,0,0),
	(633,'Willis','Craig','willis8@illinois.edu',NULL,NULL,NULL,0,0),
	(634,'Kirkpatrick ','Christine','christine@sdsc.edu',NULL,NULL,NULL,0,0),
	(635,'Lambert','Mike ','lambert8@illinois.edu',NULL,NULL,NULL,0,239),
	(636,'Tang','Ziyang','tang385@purdue.edu',NULL,NULL,NULL,0,75),
	(637,'Dake','Sagar','sagar.dake980@gmail.com','8891cfde2d033e1404180e4e3dfa5fa9f3644a7f','1','20250101000000',0,242),
	(638,'Wang','Xinli','wangx@gvsu.edu','f3db83fd13a503304a8f2209fad288d0aa339681','1','20250101000000',0,35),
	(639,'Mitchell','Elizabeth','elizabethlouisemitchell@gmail.com',NULL,NULL,NULL,0,10),
	(640,'Tenney','Samuel','samuelj10e@gmail.com',NULL,NULL,NULL,0,10),
	(641,'Williams','Cayman','caymanwilliams@live.com',NULL,NULL,NULL,0,10),
	(642,'Tongariro','George','George.tongariro@whitireia.ac.nz','ca1587c36404aaf2f3d372763ad4da23ece93427',NULL,'20250101000000',0,147),
	(643,'Yu','Qi',' qi.yu@rit.edu',NULL,NULL,NULL,0,77),
	(644,'Liu','Xumin','xmlics@rit.edu',NULL,NULL,NULL,0,77),
	(645,'Pollock','Wayne','wpollock@hccfl.edu','c05a3a998a1a0a52ace23bf8eacf1cd80194293b','1','20250101000000',0,243),
	(646,'Nagai','Katsumi','nagai.katsumi.815@s.kyushu-u.ac.jp','33330f297732087e1e7326cab4c9b518744c8150',NULL,'20250101000000',0,245),
	(647,'Pecher','Wolf','wpecher@ubalt.edu',NULL,NULL,NULL,0,123),
	(648,'Spoletini','Paola','pspoleti@kennesaw.edu',NULL,NULL,NULL,0,44),
	(649,'Haynes','Malcolm','malcolm.haynes@westpoint.edu','3e97fe4f5bc96d860f0d5bfb9b4fc84740d75921',NULL,'20250101000000',0,115),
	(650,'Groen','Joshua','joshua.groen@westpoint.edu',NULL,NULL,NULL,0,115),
	(651,'Zhu','Danny','danny.zhu@westpoint.edu',NULL,NULL,NULL,0,115),
	(652,'Shafer','Justin','justin.shafer@westpoint.edu',NULL,NULL,NULL,0,115),
	(653,'McGee','Timothy','timothy.mcgee@westpoint.edu',NULL,NULL,NULL,0,115),
	(654,'Orner','Jacob','Jacob.Orner@afit.edu','0a60538814536ebb09d539d7109b8ad28fd3a528',NULL,'20250101000000',0,246),
	(655,'Dill','Richard','Richard.Dill@afit.edu',NULL,NULL,NULL,0,246),
	(656,'Cody','Jason','jason.cody@westpoint.edu',NULL,NULL,NULL,0,115),
	(657,'Morrell','Christopher','christopher.morrell@westpoint.edu',NULL,NULL,NULL,0,115),
	(658,'Estes','Tanya','tanya.estes@westpoint.edu',NULL,NULL,NULL,0,115),
	(661,'Maiorana','Francesco','fmaioran@diit.unict.it','a8eeca46a07fe107e6d176a4807c67c314dad17e','1','20250101000000',0,179),
	(662,'Bai','Yan','yanb@uw.edu',NULL,NULL,NULL,0,133),
	(663,'Yang','Ming','myang8@kennesaw.edu',NULL,NULL,NULL,0,44),
	(664,'Koide','Hiroshi','koide@cc.kyushu-u.ac.jp','de9a18268f99c0e197211d6e240a745809a43cea',NULL,'20250101000000',0,245),
	(665,'Woodward','Belle','bellew@siu.edu','006f6142e4f1404504cff16bb7b5c325a38fa561',NULL,'20250101000000',0,85),
	(666,'Border','Charles','cbbics@rit.edu','9321981f1f47f74835df9dfc65a4d01f182adaed','1','20250101000000',0,77),
	(667,'Ramaswamy','Lakshmish','laks@cs.uga.edu ',NULL,NULL,NULL,0,247),
	(668,'Vyas','Jhanvi','jvyas1@students.kennesaw.edu',NULL,NULL,NULL,0,44),
	(669,'Xu','Xiaohua','xxu6@kennesaw.edu',NULL,NULL,NULL,0,44),
	(670,'Pouriyeh','Seyedamin','spouriye@kennesaw.edu',NULL,NULL,NULL,0,44),
	(671,'Cuchta','Tom','tcuchta@fairmontstate.edu',NULL,NULL,NULL,0,216),
	(672,'Blackwood','Brian','bblackwood@fairmontstate.edu',NULL,NULL,NULL,0,216),
	(673,'Niichel','Robert','rniichel@fairmontstate.edu',NULL,NULL,NULL,0,216),
	(674,'Daniels','Kristina','kdaniels3@students.fairmontstate.edu',NULL,NULL,NULL,0,216),
	(675,'Lutjens','Caleb','clutjens@students.fairmontstate.edu',NULL,NULL,NULL,0,216),
	(676,'Maibach','Sydney','smaibach@students.fairmontstate.edu',NULL,NULL,NULL,0,216),
	(677,'Stephenson','Ryan','rstephenson1@students.fairmontstate.edu',NULL,NULL,NULL,0,216),
	(678,'Liu','Xiaolin','liuxiaolin@zju.edu.cn',NULL,NULL,NULL,0,0),
	(679,'Desai','Shreya','sdesai20@students.kennesaw.edu',NULL,NULL,NULL,0,44),
	(680,'Rodriguez','Ramon','rlrodriguez@national-u.edu.ph',NULL,NULL,NULL,0,228),
	(681,'Vea','Larry','lavea@mapua.edu.ph',NULL,NULL,NULL,0,249),
	(682,'Arias','Antero Rosauro Jr','avarias@mapua.edu.ph',NULL,NULL,NULL,0,249),
	(683,'Isip','Cheryl Mari','cmmisip@mapua.edu.ph',NULL,NULL,NULL,0,249),
	(684,'Bungay','James Darryl','jdbungay@gmail.com',NULL,NULL,NULL,0,250),
	(685,'Cipriano','John Mark','jmciprianoofficial@gmail.com',NULL,NULL,NULL,0,250),
	(687,'Sakurai','Kouichi','sakurai@inf.kyushu-u.ac.jp',NULL,NULL,NULL,0,245),
	(688,'Said','Hazem','saidhm@ucmail.uc.edu','edfede5c86224139a5f102108e088f949cf51ce0','1','20250101000000',0,126),
	(689,'Geissler','Markus','markus.geissler@crc.losrios.edu','e2dd97e45e5ee0bd0e5c101586298e04c02fae46','1','20250101000000',0,252),
	(691,'Franklin','Alan','alanfranklin@siu.edu','f4b2d3b1a353186dd9aef2fb96e851a3e1bf2dcd',NULL,'20250101000000',0,85),
	(692,'Tobita','Hiroaki','tobby@aiit.ac.jp','59d85957b901a8d8cbe03c6699d26a58a99e548b',NULL,'20250101000000',0,255),
	(693,'Pahl','Claus','claus.pahl@unib.it',NULL,NULL,NULL,0,29),
	(694,'Susanj','Boris','boris.susanj@unib.it',NULL,NULL,NULL,0,29),
	(695,'Laufenberg','Daniel','dklaufe@gmail.com','0adc01b5d4fab95b2359b96d6311c8eee85d5329',NULL,'20250101000000',0,44),
	(696,'Hang','Kendrick','khang@greenriver.edu','9e9e4642f5b4a9aa1e364165bc526a89297690d1','1','20250101000000',0,256),
	(697,'Maccio','Vincent','vincent.maccio@utoronto.ca',NULL,NULL,NULL,0,230),
	(698,'Zingaro','Daniel','daniel.zingaro@utoronto.ca',NULL,NULL,NULL,0,230),
	(699,'Tang','Cara','cara.tang@pcc.edu','041a492efa9a11df2971ce75df8ca57eeeeb0d41','1','20250101000000',0,253),
	(700,'El-Said','Mostafa','elsaidm@gvsu.edu','08506014d9a1441aff36eb829e77e897911f9ca3',NULL,'20250101000000',0,35),
	(701,'Gunay','Cengiz','cgunay@ggc.edu','6df80d6ed3dfe143b0c26cd4a91599e688282c10','1','20250101000000',0,32),
	(702,'Doloc-Mihu','Anca','adolocmihu@ggc.edu',NULL,NULL,NULL,0,32),
	(703,'Gluick','Thomas','tgluick@ggc.edu',NULL,NULL,NULL,0,32),
	(704,'Moore','Catherine A.','cmoore10@ggc.edu',NULL,NULL,NULL,0,32),
	(705,'Nop','Sopeck','sopecknop@gmail.com','83bac954d00f62f67557d61f5a8ca82975a256f9',NULL,'20250101000000',0,133),
	(706,'Feijóo-García','Pedro Guillermo','pfeijoogarcia@ufl.edu','c93a0aecf062c8cf8c60649d0798699dd6597ed1',NULL,'20250101000000',0,258),
	(707,'McNamara, Jr.','Keith','kmcnamara1@ufl.edu',NULL,NULL,NULL,0,258),
	(708,'Stuart','Jacob','jacobstuart@ufl.edu',NULL,NULL,NULL,0,258),
	(709,'Grispos','George','ggrispos@unomaha.edu','2e3126f10c642d21aaf70044b488a922e7341475',NULL,'20190619123742',0,259),
	(710,'Priya Kuppusamy','Geeth','gkuppusamy@hawk.iit.edu',NULL,NULL,NULL,0,39),
	(711,'Thakkar','Chandni','cthakkar1@hawk.iit.edu',NULL,NULL,NULL,0,39),
	(712,'Shahane','Nikita','nshahane@hawk.iit.edu',NULL,NULL,NULL,0,39),
	(713,'Kaul','Megha','mkaul@hawk.iit.edu',NULL,NULL,NULL,0,39),
	(714,'Agarwal','Richa','richaagarwal334@gmail.com','21ed445e5aac928f99cc55dc53733e416310fd14',NULL,'20250101000000',0,180),
	(715,'Everson','Thomas ','thomas.everson@outlook.com',NULL,NULL,NULL,0,135),
	(716,'Hanson','Desiree','HANSDG03@uwgb.edu',NULL,NULL,NULL,0,135),
	(717,'Azhar','Mohammad','MAZHAR@bmcc.cuny.edu',NULL,NULL,NULL,0,0),
	(718,'Azhar','Mohammad','prof.azhar001@gmail.com',NULL,NULL,NULL,0,260),
	(719,'Laufenberg','Daniel','dlaufenb@students.kennesaw.edu',NULL,NULL,NULL,0,44),
	(720,'Hoover','Amy','ahoover@njit.edu','092eaffc6aaf85824276b593146cc1f0e338ba1a',NULL,'20250101000000',0,197),
	(721,'Halper','Michael','michael.halper@njit.edu',NULL,NULL,NULL,0,197),
	(722,'Geiger','Tami','tamara.isaura@gmail.com',NULL,NULL,NULL,0,261),
	(723,'Slayton','Marshelle','marshelle.slayton@gmail.com',NULL,NULL,NULL,0,261),
	(724,'Dewing','Frances','frances@rubica.com',NULL,NULL,NULL,0,0),
	(725,'Mahoney','Kyle','kmahoney@hawk.iit.edu',NULL,NULL,NULL,0,39),
	(726,'Cinar','ALi','cinar@iit.edu',NULL,NULL,NULL,0,39),
	(727,'Rashid','Mudassir','mrashid3@hawk.iit.edu',NULL,NULL,NULL,0,39),
	(728,'Yu','Jingwen','jyu57@hawk.iit.edu',NULL,NULL,NULL,0,0),
	(729,'Bailey','Jarron','jbailey4@hawk.iit.edu',NULL,NULL,NULL,0,39),
	(730,'Oruklu','Erdal','oruklu@iit.edu',NULL,NULL,NULL,0,39),
	(731,'Rashid','Mudassir','mrashid3@iit.edu ',NULL,NULL,NULL,0,39),
	(732,'Sevil','Mert','msevil@hawk.iit.edu ',NULL,NULL,NULL,0,39),
	(733,'Hajizad','Iman','ihajizad@hawk.iit.edu ',NULL,NULL,NULL,0,39),
	(734,'Mason','Timothy','tmason@greenriver.edu',NULL,NULL,NULL,0,256),
	(735,'Dewing','Frances',NULL,NULL,NULL,NULL,0,262),
	(736,'Nguyen','Jessica','jnguy@uw.edu',NULL,NULL,NULL,0,203),
	(737,'Stange','Melissa','mstange@lfcc.edu','25782f04ca5b045b46b36bb8cc766cfeba0333b6','1','20250101000000',0,263),
	(739,'Tetmeyer','Annette','tetmeyer@ku.edu','f93d16b33dab3aae3bef5c97746b49e8fab37c3d','1','20250101000000',0,264),
	(740,'Seasholtz','Chris','chris@ku.edu','9cf4b7918912a72c2e87ab840daf8b1280fc67ab','1','20250101000000',0,264),
	(747,'Burke','Frank','fjpburke@aol.com','9bd8344d5eefcf6530eba8796607863db03867bf','1','20250101000000',0,268),
	(748,'Chrisman','J. David','David.Chrisman@capella.edu','070a5a3cba3ab31e0eab214071d37a82c1aaa032',NULL,'20250101000000',0,14),
	(749,'Miles','Heather','miles@uwp.edu','c2ef3b61a5dd8aceb97b1f290c85500aa9093f5a',NULL,'20250101000000',0,269),
	(750,'Morrey','C. Paul','paul.morrey@uvu.edu','656dbf76c84954fb99071f1ad7f1775aa634c560',NULL,'20250101000000',0,270),
	(751,'Crowe','Dave','david.crowe@kysu.edu','a6a5d1891e0748b06c572669634834cb05a6f535',NULL,'20250101000000',0,272),
	(752,NULL,NULL,NULL,NULL,NULL,'20250101000000',0,0),
	(753,NULL,NULL,NULL,NULL,NULL,'20250101000000',0,0),
	(754,NULL,NULL,NULL,NULL,NULL,'20250101000000',0,0),
	(755,NULL,NULL,NULL,NULL,NULL,'20250101000000',0,0),
	(756,NULL,NULL,NULL,NULL,NULL,'20250101000000',0,0),
	(757,NULL,NULL,NULL,NULL,NULL,'20250101000000',0,0),
	(758,NULL,NULL,NULL,NULL,NULL,'20250101000000',0,0),
	(759,NULL,NULL,NULL,NULL,NULL,'20250101000000',0,0),
	(760,'michael','rebekah','michaerm@ucmail.uc.edu','be848202a612a48b13890ec041275749b894d5db',NULL,'20250101000000',0,126),
	(761,'Dwivedi','Neelam','ndwivedi@andrew.cmu.edu','1b2ddc5e67508b28f1f8448d173f37803b898635',NULL,'20250101000000',0,273),
	(762,'Ranganathan','Jaishree','jrangan1@uncc.edu','251f85458c303c8cf3ab12526f63287d3747198f',NULL,'20250101000000',0,0),
	(763,'Locke','Kristian','kristianlocke91@gmail.com','9249f2b9733c1044cc995125486f557d16cc6db8',NULL,'20250101000000',0,133),
	(764,'Tamaskar','Shatrughan','shawn79@uw.edu','4e7a65c9ef164f257f6f370777659d93efe706ff',NULL,'20250101000000',0,133);

/*!40000 ALTER TABLE Users ENABLE KEYS */;
UNLOCK TABLES;



/*!40111 SET SQL_NOTES=@OLD_SQL_NOTES */;
/*!40101 SET SQL_MODE=@OLD_SQL_MODE */;
/*!40014 SET FOREIGN_KEY_CHECKS=@OLD_FOREIGN_KEY_CHECKS */;
/*!40101 SET CHARACTER_SET_CLIENT=@OLD_CHARACTER_SET_CLIENT */;
/*!40101 SET CHARACTER_SET_RESULTS=@OLD_CHARACTER_SET_RESULTS */;
/*!40101 SET COLLATION_CONNECTION=@OLD_COLLATION_CONNECTION */;
